"","id","variety","country","Weight_kg","weight_class"
"1","2016-P","Rouge Vif d’Etampes","Germany",342.67212095287,"medium"
"2","2013-P","Connecticut Field","Germany",582.744970497529,"Heavy"
"3","2014-P","Blue Hubbard","Italy",693.481237614927,"Heavy"
"4","2017-P","Dill's Atlantic","Germany",349.411539477183,"medium"
"5","2017-P","Autumn Gold","Italy",546.390921436454,"Heavy"
"6","2014-P","Autumn Gold","Germany",267.479963995408,"medium"
"7","2017-P","Champion","Germany",451.389958213756,"medium"
"8","2018-P","Autumn Gold","Italy",50.8835984979163,"Light"
"9","2017-P","Rouge Vif d’Etampes","Germany",308.36050604091,"medium"
"10","2015-P","Prizewinner","Germany",323.432491212141,"medium"
"11","2020-P","Prizewinner","Germany",555.538626595138,"Heavy"
"12","2013-P","Casper","Italy",108.739446769217,"medium"
"13","2016-P","Rouge Vif d’Etampes","Italy",186.709691451313,"medium"
"14","2019-P","Atlantic Giant","Germany",144.106473209127,"medium"
"15","2016-P","Cinderella","Italy",89.040588748356,"Light"
"16","2014-P","Casper","Italy",46.1038312081265,"Light"
"17","2021-P","Blue Hubbard","Germany",777.063431535978,"Heavy"
"18","2017-P","Jack O'Lantern","France",456.472861196453,"Heavy"
"19","2018-P","Autumn Gold","Germany",241.940902469356,"medium"
"20","2013-P","Howden","Italy",78.1723020306882,"Light"
"21","2017-P","Connecticut Field","Italy",288.927492004209,"medium"
"22","2018-P","Prizewinner","Germany",444.433079930836,"medium"
"23","2014-P","Cinderella","France",52.9088794029969,"Light"
"24","2016-P","Jack O'Lantern","Italy",203.947111101431,"medium"
"25","2015-P","Dill's Atlantic","Germany",194.84863912942,"medium"
"26","2021-P","Atlantic Giant","France",952.941828377546,"Heavy"
"27","2013-P","Big Max","Germany",407.466821240698,"medium"
"28","2020-P","Big Max","Germany",214.424354012898,"medium"
"29","2018-P","Jack O'Lantern","Germany",260.411453255784,"medium"
"30","2017-P","Wolf","Germany",340.341670097075,"medium"
"31","2017-P","Wolf","Germany",166.14484183917,"medium"
"32","2014-P","Big Moose","Germany",367.582941648078,"medium"
"33","2014-P","Blue Hubbard","Germany",670.083129760001,"Heavy"
"34","2015-P","Early Giant","Germany",569.029166129698,"Heavy"
"35","2014-P","Big Max","Germany",239.667569255542,"medium"
"36","2019-P","Connecticut Field","Germany",108.992045611799,"medium"
"37","2015-P","Dill's Atlantic","Germany",188.510430187172,"medium"
"38","2017-P","Connecticut Field","Germany",648.23510556583,"Heavy"
"39","2019-P","Dill's Atlantic","Italy",45.4341637004889,"Light"
"40","2014-P","Casper","Italy",333.139104939618,"medium"
"41","2018-P","Big Moose","Germany",558.501651059061,"Heavy"
"42","2021-P","Casper","Germany",183.763538188804,"medium"
"43","2019-P","Connecticut Field","Germany",292.272375103972,"medium"
"44","2019-P","Cinderella","Germany",273.717601704809,"medium"
"45","2017-P","Early Giant","Germany",114.382608944635,"medium"
"46","2020-P","Autumn Gold","Italy",147.488497849136,"medium"
"47","2013-P","Wolf","Germany",714.283902135061,"Heavy"
"48","2019-P","Big Max","Germany",184.713298042324,"medium"
"49","2019-P","Spirit","Italy",106.63011397707,"medium"
"50","2015-P","Dill's Atlantic","Italy",454.779487305786,"Heavy"
"51","2013-P","Cinderella","Italy",258.23467141022,"medium"
"52","2020-P","Big Moose","Italy",40.2887941940725,"Light"
"53","2020-P","Rouge Vif d’Etampes","Germany",75.1414614711443,"Light"
"54","2020-P","Connecticut Field","Germany",199.353355427446,"medium"
"55","2019-P","Casper","Germany",476.93603739553,"Heavy"
"56","2016-P","Dill's Atlantic","Germany",173.422830444746,"medium"
"57","2013-P","Atlantic Giant","Italy",97.5587516510061,"medium"
"58","2018-P","Early Giant","Italy",236.643289900914,"medium"
"59","2015-P","Champion","Germany",103.773301983781,"medium"
"60","2016-P","Spirit","Germany",305.537444324884,"medium"
"61","2019-P","Champion","Germany",495.647716646784,"Heavy"
"62","2021-P","Casper","Italy",555.747116461078,"Heavy"
"63","2017-P","Champion","Germany",133.382064047595,"medium"
"64","2019-P","Howden","Germany",577.302791369757,"Heavy"
"65","2017-P","Big Max","Germany",176.345757280928,"medium"
"66","2019-P","Big Moose","Italy",53.9224469667721,"Light"
"67","2021-P","Autumn Gold","Germany",225.175941270009,"medium"
"68","2021-P","Autumn Gold","Germany",112.167588819068,"medium"
"69","2016-P","Wolf","Germany",269.018649433902,"medium"
"70","2018-P","Spirit","Germany",308.493420741535,"medium"
"71","2013-P","Casper","France",692.785698482551,"Heavy"
"72","2014-P","Casper","Italy",198.618585443108,"medium"
"73","2017-P","Casper","Germany",464.844524355054,"Heavy"
"74","2019-P","Rouge Vif d’Etampes","Germany",86.8457488172333,"Light"
"75","2020-P","Champion","Germany",286.095795277228,"medium"
"76","2017-P","Atlantic Giant","Italy",68.4940316456215,"Light"
"77","2020-P","Wolf","Germany",105.82497531569,"medium"
"78","2018-P","Early Giant","Germany",120.446357763712,"medium"
"79","2018-P","Dill's Atlantic","Italy",90.7494458088806,"medium"
"80","2019-P","Jack O'Lantern","Italy",434.276389058757,"medium"
"81","2021-P","Blue Hubbard","Germany",878.220215223625,"Heavy"
"82","2019-P","Wolf","Germany",225.151460002734,"medium"
"83","2017-P","Wolf","Germany",434.897418295374,"medium"
"84","2014-P","Connecticut Field","Germany",642.138812323058,"Heavy"
"85","2015-P","Casper","Germany",339.977562384241,"medium"
"86","2021-P","Autumn Gold","Germany",144.392615078041,"medium"
"87","2013-P","Big Max","Germany",96.2355581487897,"medium"
"88","2018-P","Autumn Gold","Germany",576.010284180122,"Heavy"
"89","2013-P","Champion","Germany",170.538760793722,"medium"
"90","2018-P","Big Moose","Germany",574.712008036546,"Heavy"
"91","2014-P","Prizewinner","Italy",246.953708186361,"medium"
"92","2014-P","Wolf","Italy",681.195996225733,"Heavy"
"93","2017-P","Prizewinner","Germany",299.592658119491,"medium"
"94","2017-P","Blue Hubbard","Germany",76.5306262195523,"Light"
"95","2015-P","Prizewinner","Germany",244.729977694626,"medium"
"96","2019-P","Casper","Germany",46.9616851884995,"Light"
"97","2017-P","Early Giant","Italy",256.414872569627,"medium"
"98","2013-P","Autumn Gold","Germany",380.812279419739,"medium"
"99","2016-P","Dill's Atlantic","Italy",372.348313621183,"medium"
"100","2021-P","Blue Hubbard","Germany",65.7962759849462,"Light"
"101","2016-P","Wolf","Germany",248.320276660752,"medium"
"102","2019-P","Howden","Germany",516.672370752312,"Heavy"
"103","2017-P","Dill's Atlantic","Germany",302.359248858538,"medium"
"104","2018-P","Spirit","Italy",520.214590534634,"Heavy"
"105","2017-P","Atlantic Giant","Germany",217.623002161342,"medium"
"106","2018-P","Casper","Germany",112.354980157747,"medium"
"107","2016-P","Cinderella","Germany",79.3073256094897,"Light"
"108","2015-P","Howden","Italy",371.092305828045,"medium"
"109","2013-P","Howden","Italy",105.014531395447,"medium"
"110","2019-P","Champion","Germany",88.0538470263523,"Light"
"111","2013-P","Jack O'Lantern","Germany",225.254619226439,"medium"
"112","2016-P","Cinderella","Italy",240.73056331162,"medium"
"113","2019-P","Atlantic Giant","France",92.055469082563,"medium"
"114","2017-P","Dill's Atlantic","Italy",242.119847260384,"medium"
"115","2016-P","Rouge Vif d’Etampes","Italy",126.64266425809,"medium"
"116","2015-P","Rouge Vif d’Etampes","Germany",144.652261565607,"medium"
"117","2021-P","Autumn Gold","Germany",193.832514336332,"medium"
"118","2019-P","Connecticut Field","Germany",134.010149369226,"medium"
"119","2020-P","Prizewinner","Germany",54.4970311177398,"Light"
"120","2016-P","Jack O'Lantern","Germany",378.252420685872,"medium"
"121","2018-P","Spirit","Germany",486.047137687184,"Heavy"
"122","2014-P","Wolf","France",146.268155886094,"medium"
"123","2013-P","Big Moose","Italy",251.596203753343,"medium"
"124","2020-P","Rouge Vif d’Etampes","Italy",892.487840638637,"Heavy"
"125","2016-P","Spirit","Germany",55.4696147274588,"Light"
"126","2018-P","Big Max","Germany",624.898162682023,"Heavy"
"127","2015-P","Early Giant","France",22.9145619021558,"Light"
"128","2019-P","Blue Hubbard","Italy",104.849033462907,"medium"
"129","2014-P","Early Giant","Germany",199.952723742162,"medium"
"130","2013-P","Atlantic Giant","Italy",137.469246876943,"medium"
"131","2021-P","Early Giant","Italy",465.699182979003,"Heavy"
"132","2019-P","Autumn Gold","Germany",550.962986859422,"Heavy"
"133","2014-P","Howden","Germany",368.256222801961,"medium"
"134","2013-P","Cinderella","Germany",69.6052887680752,"Light"
"135","2021-P","Jack O'Lantern","Germany",440.833686547434,"medium"
"136","2017-P","Rouge Vif d’Etampes","Italy",116.791884904767,"medium"
"137","2020-P","Rouge Vif d’Etampes","Germany",219.377099612405,"medium"
"138","2015-P","Atlantic Giant","Germany",583.160205143704,"Heavy"
"139","2019-P","Cinderella","Germany",246.844858060933,"medium"
"140","2016-P","Big Moose","Italy",238.235431662539,"medium"
"141","2019-P","Casper","Italy",68.7916873427992,"Light"
"142","2017-P","Casper","Italy",280.440867424754,"medium"
"143","2017-P","Champion","France",642.490123689204,"Heavy"
"144","2016-P","Big Moose","Germany",385.125309241624,"medium"
"145","2020-P","Cinderella","Germany",185.392934245912,"medium"
"146","2013-P","Rouge Vif d’Etampes","Germany",85.0224779902132,"Light"
"147","2021-P","Rouge Vif d’Etampes","Germany",351.480897648464,"medium"
"148","2017-P","Early Giant","Germany",220.607704399915,"medium"
"149","2020-P","Champion","Germany",35.8126540285236,"Light"
"150","2013-P","Prizewinner","Germany",109.67235354543,"medium"
"151","2018-P","Connecticut Field","Germany",378.314288762164,"medium"
"152","2015-P","Blue Hubbard","Germany",204.093134876226,"medium"
"153","2018-P","Big Max","France",186.549074698394,"medium"
"154","2021-P","Autumn Gold","Germany",39.6064204105928,"Light"
"155","2015-P","Connecticut Field","Italy",238.806400826573,"medium"
"156","2020-P","Dill's Atlantic","Italy",100.911176168063,"medium"
"157","2015-P","Howden","France",630.805555693146,"Heavy"
"158","2015-P","Casper","Italy",204.196555774128,"medium"
"159","2016-P","Prizewinner","Italy",473.386196246187,"Heavy"
"160","2019-P","Prizewinner","Italy",619.321450978941,"Heavy"
"161","2014-P","Howden","Germany",451.710118579437,"medium"
"162","2017-P","Blue Hubbard","Germany",515.47291497713,"Heavy"
"163","2013-P","Atlantic Giant","Italy",170.122655263478,"medium"
"164","2018-P","Spirit","Germany",77.2953323320196,"Light"
"165","2013-P","Rouge Vif d’Etampes","Italy",149.44311222568,"medium"
"166","2018-P","Big Max","Italy",533.560662192904,"Heavy"
"167","2015-P","Howden","Italy",241.823085322022,"medium"
"168","2017-P","Wolf","Germany",122.02574291428,"medium"
"169","2013-P","Autumn Gold","Italy",73.5272871941298,"Light"
"170","2018-P","Jack O'Lantern","Germany",152.602719887454,"medium"
"171","2013-P","Wolf","Italy",67.538763478788,"Light"
"172","2018-P","Howden","Germany",494.833564274447,"Heavy"
"173","2021-P","Rouge Vif d’Etampes","Germany",82.8338369069433,"Light"
"174","2015-P","Howden","Germany",228.26000482032,"medium"
"175","2018-P","Jack O'Lantern","France",302.159442755603,"medium"
"176","2015-P","Cinderella","Germany",208.82715880719,"medium"
"177","2015-P","Spirit","Italy",456.702014072259,"Heavy"
"178","2018-P","Big Moose","Italy",482.503362582054,"Heavy"
"179","2020-P","Howden","Germany",214.043394641453,"medium"
"180","2019-P","Autumn Gold","Germany",48.4200671021034,"Light"
"181","2015-P","Jack O'Lantern","France",306.898150247024,"medium"
"182","2017-P","Atlantic Giant","Germany",146.579652499974,"medium"
"183","2021-P","Atlantic Giant","Germany",28.4011997456456,"Light"
"184","2017-P","Rouge Vif d’Etampes","Germany",533.94707143104,"Heavy"
"185","2015-P","Connecticut Field","Germany",147.477792560598,"medium"
"186","2019-P","Big Max","Germany",263.20078987791,"medium"
"187","2017-P","Big Max","Germany",195.664447633343,"medium"
"188","2014-P","Big Max","France",55.0671514822713,"Light"
"189","2020-P","Early Giant","Germany",432.748457093993,"medium"
"190","2018-P","Dill's Atlantic","Italy",421.833073606436,"medium"
"191","2016-P","Dill's Atlantic","Germany",365.668002734152,"medium"
"192","2020-P","Cinderella","France",111.780679477545,"medium"
"193","2021-P","Early Giant","Germany",192.965137946867,"medium"
"194","2014-P","Casper","Italy",287.862053147563,"medium"
"195","2021-P","Dill's Atlantic","Germany",458.093370972071,"Heavy"
"196","2018-P","Spirit","Germany",478.672952986304,"Heavy"
"197","2015-P","Cinderella","France",541.472701759408,"Heavy"
"198","2014-P","Atlantic Giant","Germany",167.852059622921,"medium"
"199","2021-P","Jack O'Lantern","Germany",110.00545431917,"medium"
"200","2013-P","Big Moose","Germany",388.307839109654,"medium"
"201","2016-P","Champion","Italy",227.764498846602,"medium"
"202","2015-P","Dill's Atlantic","Italy",48.0435536111757,"Light"
"203","2021-P","Big Moose","Germany",195.504328874792,"medium"
"204","2018-P","Wolf","Italy",960.5718946485,"Heavy"
"205","2018-P","Jack O'Lantern","Germany",368.114756397536,"medium"
"206","2020-P","Champion","Italy",507.608198263699,"Heavy"
"207","2019-P","Atlantic Giant","France",516.994262701282,"Heavy"
"208","2019-P","Howden","Italy",252.355927090801,"medium"
"209","2021-P","Autumn Gold","Germany",558.747666763993,"Heavy"
"210","2019-P","Big Moose","Germany",80.4922165187977,"Light"
"211","2020-P","Connecticut Field","Germany",229.158465866813,"medium"
"212","2013-P","Wolf","Germany",96.7687616307438,"medium"
"213","2015-P","Prizewinner","Germany",267.665228157291,"medium"
"214","2016-P","Big Moose","France",172.767590754548,"medium"
"215","2015-P","Rouge Vif d’Etampes","Germany",281.284530694958,"medium"
"216","2021-P","Jack O'Lantern","Italy",189.826430261299,"medium"
"217","2016-P","Atlantic Giant","Germany",64.3131367508048,"Light"
"218","2016-P","Spirit","Italy",267.408405481328,"medium"
"219","2013-P","Blue Hubbard","Italy",402.620599314626,"medium"
"220","2013-P","Big Moose","Germany",448.611228465005,"medium"
"221","2021-P","Cinderella","Germany",185.433361360855,"medium"
"222","2019-P","Prizewinner","France",101.253157365264,"medium"
"223","2018-P","Jack O'Lantern","Germany",116.509184019076,"medium"
"224","2015-P","Jack O'Lantern","Germany",62.4676781206383,"Light"
"225","2013-P","Prizewinner","Italy",373.970306554734,"medium"
"226","2017-P","Atlantic Giant","Italy",548.826122299299,"Heavy"
"227","2015-P","Dill's Atlantic","Italy",462.220649483854,"Heavy"
"228","2013-P","Autumn Gold","Germany",500.395751820952,"Heavy"
"229","2019-P","Early Giant","Germany",682.565603468621,"Heavy"
"230","2017-P","Howden","Germany",562.280362804852,"Heavy"
"231","2017-P","Rouge Vif d’Etampes","Germany",276.426923713731,"medium"
"232","2017-P","Blue Hubbard","Germany",342.492391182029,"medium"
"233","2018-P","Howden","Italy",542.693761174845,"Heavy"
"234","2017-P","Rouge Vif d’Etampes","Italy",369.307483693607,"medium"
"235","2018-P","Atlantic Giant","Italy",291.025639746051,"medium"
"236","2021-P","Dill's Atlantic","Italy",1035.20210823863,"Heavy"
"237","2017-P","Early Giant","Germany",554.276274499285,"Heavy"
"238","2018-P","Early Giant","Italy",315.825333966929,"medium"
"239","2015-P","Blue Hubbard","Italy",347.906256880624,"medium"
"240","2018-P","Rouge Vif d’Etampes","Germany",73.1905032519602,"Light"
"241","2014-P","Wolf","Germany",529.45168346905,"Heavy"
"242","2019-P","Big Moose","Italy",388.184932333173,"medium"
"243","2018-P","Jack O'Lantern","Italy",250.41369022391,"medium"
"244","2018-P","Early Giant","Germany",569.158298634004,"Heavy"
"245","2015-P","Champion","Italy",507.997002171204,"Heavy"
"246","2017-P","Early Giant","Germany",808.801944714647,"Heavy"
"247","2019-P","Wolf","Germany",528.015601355461,"Heavy"
"248","2018-P","Early Giant","Germany",117.775569108423,"medium"
"249","2013-P","Dill's Atlantic","Italy",216.895333638402,"medium"
"250","2019-P","Cinderella","Italy",47.2732021943923,"Light"
"251","2016-P","Dill's Atlantic","Germany",272.841569064305,"medium"
"252","2013-P","Spirit","Germany",800.438890040142,"Heavy"
"253","2016-P","Blue Hubbard","Germany",298.625823581901,"medium"
"254","2018-P","Big Moose","Germany",363.829253106759,"medium"
"255","2018-P","Casper","Italy",713.084187420195,"Heavy"
"256","2021-P","Blue Hubbard","France",966.637895434822,"Heavy"
"257","2021-P","Atlantic Giant","Germany",728.864121558027,"Heavy"
"258","2014-P","Cinderella","Italy",241.323265120139,"medium"
"259","2014-P","Wolf","Germany",126.956930614192,"medium"
"260","2017-P","Cinderella","Italy",269.159724455688,"medium"
"261","2016-P","Cinderella","Germany",235.258233771774,"medium"
"262","2020-P","Big Max","Germany",135.912924040991,"medium"
"263","2013-P","Dill's Atlantic","France",284.598472864661,"medium"
"264","2018-P","Atlantic Giant","Germany",88.2907336638585,"Light"
"265","2019-P","Early Giant","Germany",67.0500569864409,"Light"
"266","2021-P","Connecticut Field","Germany",339.488164694012,"medium"
"267","2017-P","Champion","Germany",643.844987091428,"Heavy"
"268","2014-P","Big Max","Italy",460.216801272586,"Heavy"
"269","2020-P","Spirit","Italy",68.6050299652889,"Light"
"270","2017-P","Cinderella","Germany",301.139220358219,"medium"
"271","2017-P","Early Giant","Germany",472.671712912297,"Heavy"
"272","2016-P","Big Moose","Germany",400.771683886144,"medium"
"273","2021-P","Atlantic Giant","Germany",30.7056357495564,"Light"
"274","2015-P","Howden","France",180.120811187591,"medium"
"275","2015-P","Wolf","Italy",238.842823175642,"medium"
"276","2016-P","Blue Hubbard","France",110.333256574291,"medium"
"277","2021-P","Atlantic Giant","Germany",419.001878623403,"medium"
"278","2019-P","Prizewinner","Germany",592.202903579015,"Heavy"
"279","2013-P","Rouge Vif d’Etampes","Germany",321.191809824117,"medium"
"280","2020-P","Casper","Germany",465.007581780967,"Heavy"
"281","2014-P","Cinderella","Italy",286.142806795862,"medium"
"282","2021-P","Jack O'Lantern","Germany",78.0369886691058,"Light"
"283","2016-P","Casper","Germany",146.74466636559,"medium"
"284","2014-P","Dill's Atlantic","Italy",25.7922492948667,"Light"
"285","2014-P","Champion","Germany",281.715902706796,"medium"
"286","2013-P","Connecticut Field","Germany",169.868541573657,"medium"
"287","2021-P","Howden","Germany",67.5322013782048,"Light"
"288","2020-P","Big Max","Italy",114.370833180754,"medium"
"289","2017-P","Howden","Italy",382.450166081873,"medium"
"290","2017-P","Early Giant","Italy",183.391127646082,"medium"
"291","2013-P","Autumn Gold","Italy",541.933046785761,"Heavy"
"292","2017-P","Spirit","France",469.373401301783,"Heavy"
"293","2018-P","Big Max","France",314.15782402012,"medium"
"294","2020-P","Spirit","Germany",37.5500850822974,"Light"
"295","2020-P","Howden","France",39.3880859270237,"Light"
"296","2018-P","Big Max","Germany",261.467233980803,"medium"
"297","2013-P","Atlantic Giant","Germany",67.069204853047,"Light"
"298","2021-P","Spirit","Germany",754.182867175019,"Heavy"
"299","2021-P","Big Max","Germany",120.573184828369,"medium"
"300","2014-P","Champion","Germany",211.790734255144,"medium"
"301","2018-P","Prizewinner","France",173.14924970998,"medium"
"302","2017-P","Prizewinner","Germany",105.076869622751,"medium"
"303","2017-P","Wolf","Germany",318.66972916609,"medium"
"304","2019-P","Blue Hubbard","Germany",378.495269957065,"medium"
"305","2015-P","Connecticut Field","Italy",406.174206619737,"medium"
"306","2013-P","Casper","Germany",426.469400476573,"medium"
"307","2017-P","Blue Hubbard","France",259.430506359967,"medium"
"308","2019-P","Rouge Vif d’Etampes","Germany",240.031710824459,"medium"
"309","2021-P","Rouge Vif d’Etampes","Germany",201.529571340295,"medium"
"310","2017-P","Big Moose","Germany",356.740812697273,"medium"
"311","2014-P","Early Giant","Italy",224.705283599803,"medium"
"312","2016-P","Prizewinner","France",47.015710099248,"Light"
"313","2020-P","Dill's Atlantic","Germany",206.814149021195,"medium"
"314","2021-P","Big Moose","Italy",24.4260384675104,"Light"
"315","2021-P","Casper","Germany",111.988612703373,"medium"
"316","2018-P","Prizewinner","Italy",403.570171931649,"medium"
"317","2019-P","Prizewinner","Germany",167.277976544837,"medium"
"318","2016-P","Cinderella","Italy",104.917788279383,"medium"
"319","2014-P","Cinderella","Germany",117.590717315748,"medium"
"320","2016-P","Connecticut Field","France",257.548309801556,"medium"
"321","2016-P","Champion","Germany",355.021707023794,"medium"
"322","2017-P","Casper","Germany",231.703029066218,"medium"
"323","2014-P","Spirit","Italy",256.302965365406,"medium"
"324","2019-P","Spirit","Germany",323.185386069248,"medium"
"325","2020-P","Blue Hubbard","Italy",359.937967558926,"medium"
"326","2014-P","Big Moose","Germany",405.619967772368,"medium"
"327","2014-P","Connecticut Field","Germany",90.2917893622401,"Light"
"328","2020-P","Cinderella","Germany",58.4771910915703,"Light"
"329","2017-P","Dill's Atlantic","Germany",197.094958578119,"medium"
"330","2020-P","Dill's Atlantic","Germany",296.856942720447,"medium"
"331","2013-P","Rouge Vif d’Etampes","Italy",486.044642046466,"Heavy"
"332","2018-P","Big Max","Italy",255.016884881491,"medium"
"333","2019-P","Rouge Vif d’Etampes","Germany",256.170241138443,"medium"
"334","2015-P","Rouge Vif d’Etampes","Germany",99.1467885591419,"medium"
"335","2014-P","Autumn Gold","Germany",645.196514037301,"Heavy"
"336","2015-P","Atlantic Giant","Italy",172.084363082047,"medium"
"337","2017-P","Prizewinner","Italy",241.578806285289,"medium"
"338","2018-P","Rouge Vif d’Etampes","Germany",245.494050163069,"medium"
"339","2020-P","Big Max","France",281.632301478674,"medium"
"340","2018-P","Prizewinner","Italy",441.029501952739,"medium"
"341","2019-P","Howden","Germany",249.858431911321,"medium"
"342","2017-P","Casper","Italy",426.293129325101,"medium"
"343","2016-P","Big Moose","Germany",129.557515357538,"medium"
"344","2021-P","Atlantic Giant","Germany",27.6035380038643,"Light"
"345","2013-P","Spirit","Germany",262.594847900875,"medium"
"346","2015-P","Early Giant","Germany",522.82986641414,"Heavy"
"347","2017-P","Champion","Germany",290.851994139129,"medium"
"348","2020-P","Dill's Atlantic","Italy",940.074709426243,"Heavy"
"349","2019-P","Prizewinner","Italy",447.581703465995,"medium"
"350","2013-P","Spirit","Germany",190.483851032398,"medium"
"351","2018-P","Cinderella","Italy",380.630482792316,"medium"
"352","2019-P","Early Giant","Germany",240.90321592193,"medium"
"353","2014-P","Autumn Gold","Germany",180.611498360276,"medium"
"354","2021-P","Big Max","Germany",465.33118327631,"Heavy"
"355","2015-P","Cinderella","Italy",585.394976854571,"Heavy"
"356","2020-P","Connecticut Field","Germany",652.640365777796,"Heavy"
"357","2016-P","Connecticut Field","France",194.19735699224,"medium"
"358","2019-P","Wolf","Italy",82.9211397287949,"Light"
"359","2016-P","Blue Hubbard","Italy",622.318630733253,"Heavy"
"360","2019-P","Big Moose","Italy",250.377228308147,"medium"
"361","2016-P","Jack O'Lantern","Germany",236.594430283786,"medium"
"362","2014-P","Champion","Germany",101.2141675204,"medium"
"363","2015-P","Cinderella","Germany",293.464980524947,"medium"
"364","2020-P","Blue Hubbard","Germany",386.686996728322,"medium"
"365","2020-P","Spirit","Italy",405.534583502217,"medium"
"366","2018-P","Atlantic Giant","Germany",488.834251847044,"Heavy"
"367","2016-P","Autumn Gold","Italy",78.3700218453204,"Light"
"368","2018-P","Rouge Vif d’Etampes","Germany",108.202424664561,"medium"
"369","2018-P","Big Max","Germany",561.21766245771,"Heavy"
"370","2018-P","Howden","Italy",672.316871391644,"Heavy"
"371","2019-P","Dill's Atlantic","Italy",448.262359460679,"medium"
"372","2021-P","Cinderella","Germany",218.698215584887,"medium"
"373","2014-P","Early Giant","Germany",290.603946303891,"medium"
"374","2014-P","Rouge Vif d’Etampes","France",44.0674419243818,"Light"
"375","2018-P","Howden","Italy",271.470018746097,"medium"
"376","2013-P","Jack O'Lantern","Germany",446.530922545368,"medium"
"377","2019-P","Autumn Gold","Germany",642.350135535431,"Heavy"
"378","2021-P","Big Max","Germany",107.207391025416,"medium"
"379","2018-P","Wolf","France",324.057126821462,"medium"
"380","2017-P","Jack O'Lantern","Italy",394.721911842678,"medium"
"381","2019-P","Champion","Germany",97.985615046363,"medium"
"382","2017-P","Wolf","Germany",65.811100938126,"Light"
"383","2021-P","Cinderella","Germany",199.762323754053,"medium"
"384","2015-P","Champion","Germany",442.419282227678,"medium"
"385","2019-P","Blue Hubbard","Germany",148.608329024682,"medium"
"386","2020-P","Rouge Vif d’Etampes","Germany",564.775910186974,"Heavy"
"387","2018-P","Early Giant","Italy",195.011296322247,"medium"
"388","2015-P","Wolf","Italy",396.501919972608,"medium"
"389","2020-P","Dill's Atlantic","Italy",194.511818104238,"medium"
"390","2017-P","Connecticut Field","Italy",288.192158581032,"medium"
"391","2017-P","Connecticut Field","Germany",472.804318770757,"Heavy"
"392","2014-P","Spirit","Germany",487.232104446605,"Heavy"
"393","2019-P","Big Moose","France",518.089553958897,"Heavy"
"394","2014-P","Blue Hubbard","Germany",288.87790593325,"medium"
"395","2014-P","Atlantic Giant","Germany",252.677396708357,"medium"
"396","2019-P","Early Giant","Germany",404.469294807264,"medium"
"397","2021-P","Rouge Vif d’Etampes","Italy",93.9679368971104,"medium"
"398","2016-P","Dill's Atlantic","Italy",178.501216182343,"medium"
"399","2019-P","Blue Hubbard","Germany",269.19361395666,"medium"
"400","2015-P","Cinderella","Italy",215.843612508231,"medium"
"401","2016-P","Prizewinner","Germany",487.237444193229,"Heavy"
"402","2016-P","Cinderella","Italy",40.6314582563812,"Light"
"403","2018-P","Wolf","Germany",199.307077534911,"medium"
"404","2015-P","Spirit","Germany",41.2726083672338,"Light"
"405","2015-P","Blue Hubbard","Germany",544.424507076839,"Heavy"
"406","2021-P","Spirit","Italy",529.99151838858,"Heavy"
"407","2017-P","Spirit","France",257.718923173683,"medium"
"408","2018-P","Spirit","Italy",98.9765182553488,"medium"
"409","2014-P","Big Moose","Germany",253.016395183764,"medium"
"410","2018-P","Wolf","Germany",199.004745711289,"medium"
"411","2015-P","Jack O'Lantern","Germany",595.443447970751,"Heavy"
"412","2013-P","Spirit","Germany",559.769372006335,"Heavy"
"413","2014-P","Atlantic Giant","Germany",167.927226659919,"medium"
"414","2017-P","Blue Hubbard","Germany",208.465607337317,"medium"
"415","2014-P","Cinderella","Italy",330.6527930401,"medium"
"416","2019-P","Early Giant","Germany",119.52014863152,"medium"
"417","2020-P","Dill's Atlantic","Germany",91.1792929154847,"medium"
"418","2019-P","Autumn Gold","Germany",229.606145793204,"medium"
"419","2016-P","Early Giant","Italy",699.972013622808,"Heavy"
"420","2016-P","Jack O'Lantern","France",457.646636826287,"Heavy"
"421","2018-P","Jack O'Lantern","Italy",189.928534105187,"medium"
"422","2018-P","Rouge Vif d’Etampes","Germany",364.219018090836,"medium"
"423","2014-P","Connecticut Field","Italy",312.579407780377,"medium"
"424","2015-P","Early Giant","Italy",496.60578277636,"Heavy"
"425","2018-P","Blue Hubbard","Italy",182.886706376535,"medium"
"426","2019-P","Wolf","Germany",460.76675055617,"Heavy"
"427","2019-P","Autumn Gold","France",177.857273505617,"medium"
"428","2018-P","Cinderella","Germany",502.800003711609,"Heavy"
"429","2021-P","Big Moose","Germany",132.96632129686,"medium"
"430","2015-P","Champion","Germany",551.930722227361,"Heavy"
"431","2013-P","Cinderella","France",384.13260600639,"medium"
"432","2018-P","Dill's Atlantic","France",222.622159209865,"medium"
"433","2014-P","Early Giant","Italy",271.036104543654,"medium"
"434","2018-P","Jack O'Lantern","Germany",377.611574618701,"medium"
"435","2015-P","Cinderella","Germany",325.654750548464,"medium"
"436","2020-P","Champion","Germany",101.562017513613,"medium"
"437","2021-P","Howden","Germany",156.03725850278,"medium"
"438","2019-P","Big Moose","Italy",612.475745223834,"Heavy"
"439","2013-P","Blue Hubbard","France",75.8572082403483,"Light"
"440","2019-P","Blue Hubbard","Germany",70.6616594464515,"Light"
"441","2017-P","Champion","Germany",102.455254047839,"medium"
"442","2016-P","Autumn Gold","Italy",81.0275319466206,"Light"
"443","2018-P","Early Giant","Germany",627.384391791337,"Heavy"
"444","2019-P","Autumn Gold","Germany",70.7680200679524,"Light"
"445","2015-P","Rouge Vif d’Etampes","Italy",38.7835918273053,"Light"
"446","2017-P","Howden","Germany",363.068904968079,"medium"
"447","2021-P","Howden","Germany",39.5852759648523,"Light"
"448","2015-P","Dill's Atlantic","France",175.334979101483,"medium"
"449","2021-P","Casper","Germany",344.958210249394,"medium"
"450","2014-P","Connecticut Field","Germany",215.065433453899,"medium"
"451","2021-P","Big Moose","Germany",37.7088971097966,"Light"
"452","2019-P","Dill's Atlantic","Germany",129.606147991757,"medium"
"453","2019-P","Wolf","Germany",136.104858778419,"medium"
"454","2021-P","Dill's Atlantic","Italy",608.079462011488,"Heavy"
"455","2016-P","Atlantic Giant","Germany",88.8295786178414,"Light"
"456","2017-P","Big Max","Italy",181.361017831051,"medium"
"457","2020-P","Jack O'Lantern","France",398.685157054602,"medium"
"458","2019-P","Big Max","Germany",127.379966735767,"medium"
"459","2018-P","Jack O'Lantern","Germany",308.3401126395,"medium"
"460","2015-P","Jack O'Lantern","Germany",190.016010554144,"medium"
"461","2019-P","Howden","Italy",513.073585571249,"Heavy"
"462","2018-P","Big Max","Italy",312.771629040779,"medium"
"463","2019-P","Casper","Germany",496.277336882556,"Heavy"
"464","2018-P","Prizewinner","France",149.194126063325,"medium"
"465","2021-P","Howden","Italy",1199.13114480111,"Heavy"
"466","2014-P","Early Giant","Germany",507.754453798143,"Heavy"
"467","2019-P","Atlantic Giant","Germany",83.0650424614127,"Light"
"468","2013-P","Early Giant","Italy",197.711342603064,"medium"
"469","2016-P","Big Max","Germany",355.231231855223,"medium"
"470","2014-P","Spirit","France",139.138310909061,"medium"
"471","2019-P","Jack O'Lantern","Germany",93.0170110474939,"medium"
"472","2018-P","Dill's Atlantic","Germany",107.488815580382,"medium"
"473","2018-P","Champion","Germany",634.359920722787,"Heavy"
"474","2018-P","Casper","Italy",48.1941921109993,"Light"
"475","2019-P","Jack O'Lantern","Germany",284.159330988837,"medium"
"476","2017-P","Howden","Germany",390.024126860196,"medium"
"477","2013-P","Jack O'Lantern","Italy",134.971428730491,"medium"
"478","2016-P","Big Max","France",204.136375221226,"medium"
"479","2013-P","Autumn Gold","Germany",453.505771779414,"medium"
"480","2016-P","Prizewinner","Germany",62.015039178601,"Light"
"481","2017-P","Big Moose","Germany",326.902176291472,"medium"
"482","2017-P","Spirit","Germany",87.797294704284,"Light"
"483","2017-P","Blue Hubbard","Italy",320.442112586475,"medium"
"484","2021-P","Early Giant","Germany",99.4453744411245,"medium"
"485","2019-P","Howden","Italy",65.403266933584,"Light"
"486","2016-P","Dill's Atlantic","Germany",113.83315584144,"medium"
"487","2016-P","Howden","Italy",175.053861290857,"medium"
"488","2014-P","Wolf","Germany",155.297999744387,"medium"
"489","2017-P","Casper","Germany",132.420474733463,"medium"
"490","2014-P","Autumn Gold","Germany",282.432685629869,"medium"
"491","2014-P","Rouge Vif d’Etampes","Italy",335.971580233617,"medium"
"492","2016-P","Jack O'Lantern","Germany",524.335933507895,"Heavy"
"493","2018-P","Cinderella","Germany",69.16078783739,"Light"
"494","2017-P","Autumn Gold","Italy",334.223067731783,"medium"
"495","2015-P","Wolf","France",530.281176594469,"Heavy"
"496","2021-P","Prizewinner","Germany",24.2530989388644,"Light"
"497","2014-P","Jack O'Lantern","Italy",345.490633194928,"medium"
"498","2014-P","Autumn Gold","Germany",91.5931726539385,"medium"
"499","2018-P","Cinderella","Germany",583.275661553284,"Heavy"
"500","2016-P","Cinderella","Italy",204.83158455575,"medium"
"501","2015-P","Big Max","Germany",448.489479181033,"medium"
"502","2014-P","Big Moose","Italy",173.265297119963,"medium"
"503","2021-P","Atlantic Giant","Italy",283.74982693808,"medium"
"504","2016-P","Champion","Germany",118.854648994702,"medium"
"505","2020-P","Connecticut Field","Germany",234.414312490517,"medium"
"506","2019-P","Dill's Atlantic","Italy",590.149950907513,"Heavy"
"507","2018-P","Howden","Italy",354.277311112717,"medium"
"508","2016-P","Spirit","Germany",406.754957383095,"medium"
"509","2017-P","Rouge Vif d’Etampes","Italy",345.60500410346,"medium"
"510","2017-P","Early Giant","Germany",134.789948578108,"medium"
"511","2013-P","Cinderella","Germany",117.373487056825,"medium"
"512","2019-P","Connecticut Field","Germany",95.5374939385902,"medium"
"513","2021-P","Connecticut Field","Germany",197.730904704103,"medium"
"514","2018-P","Cinderella","Italy",210.324279333111,"medium"
"515","2014-P","Atlantic Giant","Germany",253.894262983382,"medium"
"516","2021-P","Howden","Germany",258.561832258382,"medium"
"517","2013-P","Wolf","Germany",123.444293383275,"medium"
"518","2017-P","Jack O'Lantern","Germany",245.822470228524,"medium"
"519","2020-P","Champion","Germany",366.976241243844,"medium"
"520","2018-P","Dill's Atlantic","Italy",334.680196178334,"medium"
"521","2013-P","Casper","Germany",166.065884986776,"medium"
"522","2014-P","Casper","Germany",405.954659701142,"medium"
"523","2019-P","Connecticut Field","Germany",178.425067625884,"medium"
"524","2018-P","Early Giant","Italy",462.691202611043,"Heavy"
"525","2016-P","Early Giant","Italy",157.168870206559,"medium"
"526","2013-P","Casper","Italy",578.980187080291,"Heavy"
"527","2015-P","Howden","Germany",117.280099280835,"medium"
"528","2015-P","Wolf","Germany",217.207140889734,"medium"
"529","2016-P","Spirit","Germany",136.104841474915,"medium"
"530","2016-P","Prizewinner","Italy",305.828086457248,"medium"
"531","2013-P","Champion","Italy",220.148246537809,"medium"
"532","2021-P","Big Moose","Germany",337.31067549024,"medium"
"533","2018-P","Wolf","Germany",549.459794677357,"Heavy"
"534","2015-P","Rouge Vif d’Etampes","Germany",549.3680334815,"Heavy"
"535","2020-P","Atlantic Giant","Italy",87.4662704477693,"Light"
"536","2017-P","Prizewinner","Italy",580.876804679987,"Heavy"
"537","2018-P","Big Max","Germany",206.348460300424,"medium"
"538","2015-P","Prizewinner","Italy",144.5333744685,"medium"
"539","2018-P","Prizewinner","Germany",86.4674165853779,"Light"
"540","2014-P","Prizewinner","Germany",184.114907631648,"medium"
"541","2015-P","Jack O'Lantern","Germany",95.4436127457726,"medium"
"542","2020-P","Big Max","Germany",226.965583390444,"medium"
"543","2013-P","Wolf","France",95.1276892286986,"medium"
"544","2013-P","Champion","Germany",67.4689700754996,"Light"
"545","2014-P","Early Giant","France",152.527412842616,"medium"
"546","2016-P","Prizewinner","France",627.125107890816,"Heavy"
"547","2014-P","Wolf","Germany",420.414158953185,"medium"
"548","2019-P","Big Max","Germany",45.351665293626,"Light"
"549","2014-P","Big Moose","Germany",143.731022223484,"medium"
"550","2017-P","Big Max","Germany",82.20368504231,"Light"
"551","2013-P","Dill's Atlantic","Germany",320.031013896118,"medium"
"552","2016-P","Champion","France",51.7396587888188,"Light"
"553","2020-P","Casper","Italy",394.131011757533,"medium"
"554","2015-P","Blue Hubbard","Italy",304.896147458693,"medium"
"555","2016-P","Wolf","Italy",216.204588809659,"medium"
"556","2017-P","Early Giant","Italy",671.226740880705,"Heavy"
"557","2020-P","Dill's Atlantic","Germany",422.346818187397,"medium"
"558","2014-P","Wolf","Italy",545.893539074339,"Heavy"
"559","2021-P","Big Moose","Germany",242.402669843899,"medium"
"560","2017-P","Cinderella","Germany",299.453721869741,"medium"
"561","2016-P","Prizewinner","France",264.689691109931,"medium"
"562","2015-P","Wolf","Italy",45.0030954419545,"Light"
"563","2013-P","Prizewinner","Germany",747.3891786357,"Heavy"
"564","2014-P","Big Moose","Germany",116.213032341447,"medium"
"565","2014-P","Champion","Germany",308.310536716444,"medium"
"566","2017-P","Connecticut Field","Germany",92.679239619023,"medium"
"567","2017-P","Big Max","Germany",137.13508180971,"medium"
"568","2021-P","Dill's Atlantic","Germany",592.297959607791,"Heavy"
"569","2013-P","Big Moose","Italy",377.258031864324,"medium"
"570","2019-P","Big Moose","Germany",364.210627128291,"medium"
"571","2013-P","Atlantic Giant","Germany",45.1848128648933,"Light"
"572","2013-P","Prizewinner","Germany",472.946835018371,"Heavy"
"573","2013-P","Wolf","Italy",57.3595958826019,"Light"
"574","2015-P","Prizewinner","Germany",129.536100011845,"medium"
"575","2014-P","Wolf","Germany",73.1675266200251,"Light"
"576","2014-P","Prizewinner","France",173.023992527035,"medium"
"577","2017-P","Atlantic Giant","Germany",181.070623763156,"medium"
"578","2018-P","Dill's Atlantic","Italy",204.692513068786,"medium"
"579","2018-P","Connecticut Field","Germany",413.825002149552,"medium"
"580","2018-P","Rouge Vif d’Etampes","Italy",803.657102295348,"Heavy"
"581","2018-P","Dill's Atlantic","Italy",482.793927621301,"Heavy"
"582","2019-P","Cinderella","Germany",233.446399104266,"medium"
"583","2020-P","Connecticut Field","Germany",53.9428999142175,"Light"
"584","2021-P","Spirit","Germany",358.273022542104,"medium"
"585","2019-P","Big Max","Germany",492.178498144911,"Heavy"
"586","2019-P","Casper","Italy",766.58719585465,"Heavy"
"587","2021-P","Prizewinner","Germany",533.067633478986,"Heavy"
"588","2020-P","Autumn Gold","Germany",259.997659474316,"medium"
"589","2013-P","Spirit","France",398.673604515845,"medium"
"590","2018-P","Spirit","Italy",340.286480028876,"medium"
"591","2018-P","Big Max","Germany",73.3372853094875,"Light"
"592","2014-P","Cinderella","Germany",234.992213993447,"medium"
"593","2021-P","Blue Hubbard","Germany",204.457519797843,"medium"
"594","2016-P","Prizewinner","Italy",494.438966816247,"Heavy"
"595","2020-P","Dill's Atlantic","Germany",302.772243327282,"medium"
"596","2013-P","Champion","Germany",148.862798344687,"medium"
"597","2016-P","Prizewinner","Germany",82.5781633042853,"Light"
"598","2019-P","Jack O'Lantern","Germany",109.711120142813,"medium"
"599","2014-P","Wolf","Germany",330.288224989718,"medium"
"600","2016-P","Howden","Germany",230.392626300918,"medium"
"601","2017-P","Champion","Germany",114.283070435299,"medium"
"602","2020-P","Dill's Atlantic","Germany",616.2501539039,"Heavy"
"603","2013-P","Autumn Gold","Germany",120.772782438162,"medium"
"604","2021-P","Autumn Gold","Germany",345.924285676743,"medium"
"605","2019-P","Atlantic Giant","France",252.136448566287,"medium"
"606","2021-P","Atlantic Giant","France",221.69665127707,"medium"
"607","2021-P","Spirit","Germany",82.9013930719701,"Light"
"608","2020-P","Big Max","Italy",121.583806420607,"medium"
"609","2017-P","Big Moose","France",263.185891931071,"medium"
"610","2020-P","Spirit","Germany",589.219604164727,"Heavy"
"611","2016-P","Champion","Germany",242.620181847145,"medium"
"612","2020-P","Dill's Atlantic","Germany",67.1271384672265,"Light"
"613","2015-P","Big Max","Germany",143.796585679227,"medium"
"614","2017-P","Early Giant","Italy",168.058300484505,"medium"
"615","2013-P","Rouge Vif d’Etampes","Italy",77.2010024881718,"Light"
"616","2013-P","Connecticut Field","Italy",174.45807052656,"medium"
"617","2017-P","Cinderella","Italy",296.602556061897,"medium"
"618","2015-P","Spirit","Germany",442.098237792049,"medium"
"619","2015-P","Autumn Gold","Germany",167.125490813675,"medium"
"620","2013-P","Big Moose","Italy",187.034918874391,"medium"
"621","2013-P","Blue Hubbard","France",99.9783510360423,"medium"
"622","2017-P","Big Moose","Germany",99.9743126914431,"medium"
"623","2013-P","Rouge Vif d’Etampes","Italy",235.837581646799,"medium"
"624","2020-P","Big Max","Germany",176.63958306844,"medium"
"625","2015-P","Early Giant","Germany",402.879956934886,"medium"
"626","2020-P","Rouge Vif d’Etampes","Germany",174.876348639764,"medium"
"627","2019-P","Casper","Germany",126.934016914675,"medium"
"628","2015-P","Spirit","Germany",96.3677795364277,"medium"
"629","2021-P","Wolf","Germany",164.370503341121,"medium"
"630","2013-P","Wolf","France",41.7482525437783,"Light"
"631","2014-P","Cinderella","Italy",385.299414897413,"medium"
"632","2016-P","Casper","Germany",203.822485909309,"medium"
"633","2015-P","Connecticut Field","Germany",281.133295629835,"medium"
"634","2015-P","Prizewinner","Germany",177.263610662671,"medium"
"635","2021-P","Connecticut Field","Germany",409.821272375615,"medium"
"636","2019-P","Blue Hubbard","Germany",88.7726551717021,"Light"
"637","2021-P","Spirit","Italy",439.978800976543,"medium"
"638","2016-P","Big Moose","Germany",229.943876962765,"medium"
"639","2014-P","Wolf","Germany",303.75730221761,"medium"
"640","2013-P","Wolf","Germany",48.02802393778,"Light"
"641","2013-P","Early Giant","Germany",105.715721494685,"medium"
"642","2013-P","Connecticut Field","Italy",30.6083081356196,"Light"
"643","2021-P","Jack O'Lantern","Germany",605.573057635663,"Heavy"
"644","2017-P","Prizewinner","Italy",369.601285424659,"medium"
"645","2021-P","Blue Hubbard","Germany",171.128792699062,"medium"
"646","2017-P","Rouge Vif d’Etampes","Italy",350.984898008539,"medium"
"647","2015-P","Autumn Gold","Germany",79.1865809378917,"Light"
"648","2021-P","Howden","Germany",506.516186207324,"Heavy"
"649","2017-P","Big Max","Italy",155.593596523411,"medium"
"650","2019-P","Connecticut Field","Germany",64.7674298958015,"Light"
"651","2019-P","Cinderella","Germany",450.285351669502,"medium"
"652","2016-P","Autumn Gold","Italy",129.855777067648,"medium"
"653","2020-P","Champion","Germany",288.211990643764,"medium"
"654","2018-P","Wolf","Germany",186.081248097364,"medium"
"655","2017-P","Autumn Gold","Italy",854.064419136114,"Heavy"
"656","2020-P","Big Max","Germany",401.378389838032,"medium"
"657","2013-P","Big Max","Italy",114.449677450841,"medium"
"658","2016-P","Howden","Germany",298.026331361797,"medium"
"659","2017-P","Prizewinner","Germany",327.131983003782,"medium"
"660","2021-P","Wolf","Germany",133.411570470435,"medium"
"661","2019-P","Big Max","Germany",84.8221937371342,"Light"
"662","2017-P","Big Max","Germany",336.616772942382,"medium"
"663","2019-P","Howden","Germany",131.835441909733,"medium"
"664","2019-P","Wolf","Italy",337.276818733003,"medium"
"665","2015-P","Jack O'Lantern","Germany",280.824514282903,"medium"
"666","2016-P","Wolf","Germany",54.0898480961892,"Light"
"667","2014-P","Casper","Italy",395.423875855233,"medium"
"668","2014-P","Atlantic Giant","Italy",302.088071557017,"medium"
"669","2014-P","Blue Hubbard","Germany",260.814354448133,"medium"
"670","2015-P","Big Moose","Germany",588.102270770088,"Heavy"
"671","2017-P","Champion","Italy",287.438788568301,"medium"
"672","2016-P","Wolf","Italy",438.867652833562,"medium"
"673","2019-P","Champion","Italy",256.887964976901,"medium"
"674","2021-P","Spirit","Germany",574.652179839525,"Heavy"
"675","2014-P","Wolf","Germany",142.376676602331,"medium"
"676","2021-P","Big Max","Germany",573.322433166887,"Heavy"
"677","2020-P","Dill's Atlantic","Germany",78.7103264460141,"Light"
"678","2018-P","Connecticut Field","France",317.699082390574,"medium"
"679","2014-P","Connecticut Field","Germany",187.524324773641,"medium"
"680","2014-P","Jack O'Lantern","Germany",165.031585861401,"medium"
"681","2021-P","Jack O'Lantern","Germany",175.203699524759,"medium"
"682","2016-P","Spirit","Germany",96.6099251792807,"medium"
"683","2020-P","Connecticut Field","Germany",167.578475608108,"medium"
"684","2017-P","Big Moose","Germany",174.787308285856,"medium"
"685","2021-P","Blue Hubbard","France",49.8864663073728,"Light"
"686","2021-P","Connecticut Field","Germany",200.789734763496,"medium"
"687","2016-P","Prizewinner","Italy",117.96118582649,"medium"
"688","2014-P","Jack O'Lantern","Germany",161.248770838397,"medium"
"689","2016-P","Connecticut Field","Italy",325.971992031097,"medium"
"690","2019-P","Wolf","Germany",43.6230338283686,"Light"
"691","2015-P","Champion","Italy",113.369292800904,"medium"
"692","2013-P","Casper","Germany",442.524518360208,"medium"
"693","2021-P","Big Max","Italy",424.419577259145,"medium"
"694","2020-P","Connecticut Field","Italy",867.993063827847,"Heavy"
"695","2014-P","Howden","Italy",190.228117459878,"medium"
"696","2017-P","Big Max","Germany",276.18767410703,"medium"
"697","2018-P","Blue Hubbard","Germany",475.498063955746,"Heavy"
"698","2015-P","Jack O'Lantern","Italy",363.779006291705,"medium"
"699","2016-P","Wolf","Italy",696.643718332877,"Heavy"
"700","2019-P","Early Giant","Germany",502.197071981609,"Heavy"
"701","2016-P","Blue Hubbard","Germany",88.2012194077133,"Light"
"702","2014-P","Early Giant","Italy",456.216464310046,"Heavy"
"703","2019-P","Blue Hubbard","Germany",262.357842524496,"medium"
"704","2015-P","Casper","Germany",581.830946111713,"Heavy"
"705","2013-P","Jack O'Lantern","Italy",26.8001357200861,"Light"
"706","2017-P","Connecticut Field","Germany",359.065811537587,"medium"
"707","2021-P","Connecticut Field","Germany",347.179344852059,"medium"
"708","2021-P","Howden","Italy",564.799121438408,"Heavy"
"709","2018-P","Jack O'Lantern","Germany",98.5758519918547,"medium"
"710","2014-P","Connecticut Field","Italy",592.530415210397,"Heavy"
"711","2013-P","Rouge Vif d’Etampes","Italy",249.47401795553,"medium"
"712","2017-P","Atlantic Giant","Germany",328.651936754515,"medium"
"713","2015-P","Big Moose","Germany",179.691380272947,"medium"
"714","2016-P","Rouge Vif d’Etampes","Italy",191.75531414514,"medium"
"715","2021-P","Howden","Italy",448.229407855202,"medium"
"716","2017-P","Early Giant","Italy",282.646699866844,"medium"
"717","2020-P","Spirit","Italy",918.467512146729,"Heavy"
"718","2017-P","Big Max","Italy",597.564183055094,"Heavy"
"719","2019-P","Autumn Gold","France",232.403170303885,"medium"
"720","2014-P","Jack O'Lantern","Germany",114.615871242976,"medium"
"721","2021-P","Prizewinner","Germany",287.987508924702,"medium"
"722","2017-P","Casper","Germany",373.815734049755,"medium"
"723","2015-P","Rouge Vif d’Etampes","Germany",195.420088954778,"medium"
"724","2019-P","Big Moose","France",172.270225075889,"medium"
"725","2015-P","Howden","Italy",170.867067398421,"medium"
"726","2014-P","Wolf","France",496.548914267496,"Heavy"
"727","2015-P","Prizewinner","Italy",163.800648404895,"medium"
"728","2015-P","Connecticut Field","Germany",501.01819671207,"Heavy"
"729","2019-P","Howden","Germany",106.666846606137,"medium"
"730","2013-P","Early Giant","Germany",186.036486277331,"medium"
"731","2018-P","Prizewinner","Italy",269.663330678545,"medium"
"732","2014-P","Champion","Germany",472.321996988011,"Heavy"
"733","2015-P","Blue Hubbard","Germany",339.844489412499,"medium"
"734","2021-P","Wolf","Germany",184.973267623299,"medium"
"735","2019-P","Rouge Vif d’Etampes","Germany",86.718232399126,"Light"
"736","2018-P","Connecticut Field","Italy",139.021925750874,"medium"
"737","2013-P","Wolf","Germany",175.431432478322,"medium"
"738","2021-P","Big Moose","Italy",179.426810395564,"medium"
"739","2014-P","Big Moose","Germany",414.881398509817,"medium"
"740","2020-P","Big Moose","Germany",45.8089618545324,"Light"
"741","2016-P","Early Giant","Germany",208.925655330048,"medium"
"742","2019-P","Rouge Vif d’Etampes","Italy",467.748204401118,"Heavy"
"743","2019-P","Casper","Germany",156.131389257929,"medium"
"744","2019-P","Cinderella","Germany",308.088552295329,"medium"
"745","2017-P","Champion","Germany",116.542597160701,"medium"
"746","2013-P","Atlantic Giant","France",403.455216580058,"medium"
"747","2020-P","Casper","Germany",48.011133277276,"Light"
"748","2021-P","Connecticut Field","Germany",161.200369142851,"medium"
"749","2017-P","Spirit","Germany",296.637285406701,"medium"
"750","2021-P","Atlantic Giant","Germany",518.599870320073,"Heavy"
"751","2013-P","Howden","Germany",182.325027220108,"medium"
"752","2013-P","Prizewinner","Germany",81.344519552995,"Light"
"753","2016-P","Atlantic Giant","Germany",287.775411521578,"medium"
"754","2016-P","Howden","Italy",373.410219711106,"medium"
"755","2021-P","Wolf","Germany",165.998084806955,"medium"
"756","2020-P","Connecticut Field","Italy",520.645746663343,"Heavy"
"757","2019-P","Howden","Germany",266.610976206844,"medium"
"758","2018-P","Cinderella","Germany",249.816799879139,"medium"
"759","2020-P","Jack O'Lantern","Germany",480.188430166556,"Heavy"
"760","2015-P","Connecticut Field","Germany",653.084111446019,"Heavy"
"761","2015-P","Howden","Germany",511.570616109551,"Heavy"
"762","2020-P","Connecticut Field","Germany",126.583857188104,"medium"
"763","2018-P","Rouge Vif d’Etampes","Germany",133.966392586986,"medium"
"764","2021-P","Jack O'Lantern","Germany",27.7381358183637,"Light"
"765","2018-P","Big Max","Germany",458.467335580271,"Heavy"
"766","2020-P","Blue Hubbard","Germany",100.091401832795,"medium"
"767","2017-P","Dill's Atlantic","Germany",200.163754666553,"medium"
"768","2021-P","Atlantic Giant","Italy",135.339846075585,"medium"
"769","2019-P","Connecticut Field","Germany",111.017242360262,"medium"
"770","2019-P","Howden","France",166.842274877122,"medium"
"771","2018-P","Spirit","Germany",210.002857372809,"medium"
"772","2019-P","Jack O'Lantern","Italy",53.9973343283438,"Light"
"773","2020-P","Blue Hubbard","Italy",236.432571410435,"medium"
"774","2021-P","Spirit","Germany",206.475657716344,"medium"
"775","2019-P","Champion","Italy",531.324336781926,"Heavy"
"776","2015-P","Early Giant","Italy",170.800619728378,"medium"
"777","2017-P","Spirit","Italy",27.2312104820789,"Light"
"778","2016-P","Connecticut Field","Germany",258.782528934301,"medium"
"779","2013-P","Dill's Atlantic","Italy",628.652613408274,"Heavy"
"780","2016-P","Atlantic Giant","Germany",87.6101610994437,"Light"
"781","2021-P","Howden","Germany",132.432661172397,"medium"
"782","2013-P","Spirit","Germany",244.463360443503,"medium"
"783","2019-P","Blue Hubbard","Germany",135.263891293302,"medium"
"784","2018-P","Prizewinner","Italy",194.943537953263,"medium"
"785","2017-P","Champion","Italy",165.980096386936,"medium"
"786","2020-P","Autumn Gold","France",459.644732548415,"Heavy"
"787","2021-P","Casper","Germany",106.369379669384,"medium"
"788","2017-P","Howden","Germany",126.195191438816,"medium"
"789","2017-P","Big Moose","Germany",240.421052354058,"medium"
"790","2014-P","Blue Hubbard","Germany",89.609316870618,"Light"
"791","2019-P","Big Moose","Italy",434.196119786103,"medium"
"792","2018-P","Atlantic Giant","Germany",68.8552303931419,"Light"
"793","2021-P","Big Moose","Germany",124.926899579535,"medium"
"794","2018-P","Connecticut Field","Germany",264.060288621545,"medium"
"795","2016-P","Big Max","Germany",676.239770669817,"Heavy"
"796","2018-P","Big Moose","Germany",181.580080049304,"medium"
"797","2021-P","Autumn Gold","Germany",159.992960254961,"medium"
"798","2018-P","Connecticut Field","France",650.231840120165,"Heavy"
"799","2020-P","Casper","Germany",705.043911858085,"Heavy"
"800","2016-P","Early Giant","Germany",135.135529981267,"medium"
"801","2017-P","Atlantic Giant","Germany",612.680859709994,"Heavy"
"802","2021-P","Prizewinner","Germany",26.2641256406331,"Light"
"803","2017-P","Atlantic Giant","Germany",388.687164208726,"medium"
"804","2016-P","Cinderella","Germany",334.490204230121,"medium"
"805","2014-P","Blue Hubbard","Germany",199.101515385719,"medium"
"806","2017-P","Rouge Vif d’Etampes","Germany",382.960092877389,"medium"
"807","2014-P","Atlantic Giant","Germany",59.166880801555,"Light"
"808","2019-P","Wolf","Germany",95.7541729735671,"medium"
"809","2018-P","Prizewinner","Germany",529.281689233705,"Heavy"
"810","2021-P","Early Giant","France",450.484417927557,"medium"
"811","2018-P","Early Giant","France",175.302371509191,"medium"
"812","2021-P","Atlantic Giant","Germany",160.711458173151,"medium"
"813","2020-P","Atlantic Giant","Germany",24.2919637910625,"Light"
"814","2014-P","Big Moose","Germany",191.695105250415,"medium"
"815","2020-P","Cinderella","France",438.609334353722,"medium"
"816","2021-P","Atlantic Giant","Germany",112.564964529504,"medium"
"817","2013-P","Champion","Italy",508.470577243381,"Heavy"
"818","2021-P","Cinderella","Germany",187.32704977262,"medium"
"819","2021-P","Jack O'Lantern","Germany",79.7839934532521,"Light"
"820","2020-P","Cinderella","Germany",274.259104252537,"medium"
"821","2018-P","Jack O'Lantern","France",333.470567029329,"medium"
"822","2014-P","Prizewinner","Germany",110.201252024286,"medium"
"823","2014-P","Casper","Germany",394.256354431096,"medium"
"824","2013-P","Blue Hubbard","Germany",261.030551972844,"medium"
"825","2020-P","Howden","Germany",58.8700711469899,"Light"
"826","2020-P","Big Moose","Germany",157.376677618103,"medium"
"827","2018-P","Spirit","Germany",356.342888104043,"medium"
"828","2018-P","Jack O'Lantern","Germany",157.314466764908,"medium"
"829","2014-P","Atlantic Giant","France",528.115306799549,"Heavy"
"830","2018-P","Big Moose","Germany",152.737728643509,"medium"
"831","2016-P","Spirit","Italy",618.892955395346,"Heavy"
"832","2015-P","Casper","Germany",396.279380783921,"medium"
"833","2018-P","Spirit","Italy",476.533822975778,"Heavy"
"834","2014-P","Rouge Vif d’Etampes","Germany",417.284753965096,"medium"
"835","2019-P","Dill's Atlantic","Germany",90.50513015718,"Light"
"836","2016-P","Connecticut Field","Italy",379.539816752136,"medium"
"837","2018-P","Big Moose","Germany",314.996653783797,"medium"
"838","2019-P","Howden","Germany",409.24170809344,"medium"
"839","2017-P","Cinderella","Germany",211.922496052938,"medium"
"840","2019-P","Connecticut Field","Germany",87.9129804023176,"Light"
"841","2014-P","Jack O'Lantern","France",50.834020488877,"Light"
"842","2015-P","Autumn Gold","Italy",195.669451815283,"medium"
"843","2016-P","Autumn Gold","Germany",243.139419302348,"medium"
"844","2019-P","Howden","Germany",106.801060650798,"medium"
"845","2017-P","Prizewinner","Germany",140.227707797158,"medium"
"846","2019-P","Dill's Atlantic","Germany",273.453386766661,"medium"
"847","2019-P","Spirit","Germany",441.721879301257,"medium"
"848","2018-P","Atlantic Giant","Italy",151.582523354678,"medium"
"849","2018-P","Connecticut Field","Germany",194.229293255039,"medium"
"850","2017-P","Spirit","Germany",177.028089135725,"medium"
"851","2016-P","Prizewinner","Germany",325.827667604215,"medium"
"852","2016-P","Casper","Germany",97.9035944939661,"medium"
"853","2017-P","Howden","Germany",536.002763204962,"Heavy"
"854","2013-P","Big Moose","Germany",221.321960605181,"medium"
"855","2015-P","Atlantic Giant","Germany",221.72704417539,"medium"
"856","2018-P","Prizewinner","Germany",470.994516931606,"Heavy"
"857","2014-P","Atlantic Giant","Germany",64.2792902495506,"Light"
"858","2021-P","Connecticut Field","Germany",40.4647885487404,"Light"
"859","2019-P","Big Max","Italy",239.964937687076,"medium"
"860","2017-P","Atlantic Giant","Germany",426.840207694314,"medium"
"861","2015-P","Cinderella","Germany",586.536563220976,"Heavy"
"862","2015-P","Connecticut Field","Germany",331.459437661431,"medium"
"863","2015-P","Champion","Germany",430.393972128622,"medium"
"864","2019-P","Connecticut Field","France",374.958050411902,"medium"
"865","2021-P","Champion","Italy",26.3890181627808,"Light"
"866","2014-P","Connecticut Field","Germany",301.592417447624,"medium"
"867","2020-P","Champion","Germany",236.951282926912,"medium"
"868","2016-P","Dill's Atlantic","Italy",583.019941018377,"Heavy"
"869","2016-P","Casper","Germany",88.9309140442567,"Light"
"870","2015-P","Howden","Germany",808.907331773736,"Heavy"
"871","2020-P","Prizewinner","Germany",551.138217995107,"Heavy"
"872","2014-P","Connecticut Field","Germany",298.349008645641,"medium"
"873","2014-P","Howden","Germany",165.959492558302,"medium"
"874","2014-P","Big Max","Italy",843.480248539247,"Heavy"
"875","2015-P","Prizewinner","Italy",462.287539435711,"Heavy"
"876","2018-P","Dill's Atlantic","Germany",308.013555812515,"medium"
"877","2021-P","Autumn Gold","Germany",507.325781536678,"Heavy"
"878","2019-P","Early Giant","France",429.271700620324,"medium"
"879","2019-P","Prizewinner","Germany",57.7197910423412,"Light"
"880","2013-P","Wolf","Germany",386.561688676281,"medium"
"881","2014-P","Big Moose","Italy",435.34883282646,"medium"
"882","2013-P","Prizewinner","Italy",204.831829575218,"medium"
"883","2014-P","Blue Hubbard","Germany",191.037901581369,"medium"
"884","2015-P","Casper","Germany",250.216118463155,"medium"
"885","2013-P","Spirit","Germany",157.924183075434,"medium"
"886","2020-P","Spirit","Germany",381.723686030853,"medium"
"887","2021-P","Cinderella","Germany",70.1507682139665,"Light"
"888","2019-P","Big Moose","Germany",111.498526440543,"medium"
"889","2016-P","Atlantic Giant","Italy",127.62621133909,"medium"
"890","2019-P","Champion","Germany",158.738412679901,"medium"
"891","2019-P","Connecticut Field","Germany",78.5216101356003,"Light"
"892","2016-P","Champion","Germany",192.608213661204,"medium"
"893","2013-P","Rouge Vif d’Etampes","Italy",243.167712990852,"medium"
"894","2014-P","Cinderella","Germany",180.332287116578,"medium"
"895","2016-P","Big Moose","Germany",147.706017711048,"medium"
"896","2017-P","Jack O'Lantern","Germany",718.778599963569,"Heavy"
"897","2014-P","Casper","Germany",364.645791254836,"medium"
"898","2013-P","Connecticut Field","Germany",69.6821393313129,"Light"
"899","2021-P","Champion","Germany",168.098792270645,"medium"
"900","2021-P","Rouge Vif d’Etampes","Italy",534.542117490389,"Heavy"
"901","2019-P","Prizewinner","Germany",137.876874481233,"medium"
"902","2013-P","Blue Hubbard","Germany",87.7287381918391,"Light"
"903","2015-P","Big Max","Italy",369.759608553197,"medium"
"904","2018-P","Early Giant","Germany",88.04370362754,"Light"
"905","2020-P","Connecticut Field","Germany",65.6460241938736,"Light"
"906","2013-P","Wolf","Germany",137.78650742248,"medium"
"907","2018-P","Early Giant","Germany",476.360196651788,"Heavy"
"908","2015-P","Dill's Atlantic","Germany",324.15596326903,"medium"
"909","2019-P","Wolf","Germany",87.0114895477557,"Light"
"910","2019-P","Autumn Gold","Germany",91.9933166343899,"medium"
"911","2015-P","Early Giant","Germany",101.537290887414,"medium"
"912","2016-P","Prizewinner","Italy",237.383287426101,"medium"
"913","2021-P","Rouge Vif d’Etampes","Germany",279.422659592015,"medium"
"914","2020-P","Prizewinner","Germany",317.955233674975,"medium"
"915","2020-P","Dill's Atlantic","Germany",176.591191611077,"medium"
"916","2018-P","Spirit","Germany",359.70779677368,"medium"
"917","2015-P","Prizewinner","France",575.927183226528,"Heavy"
"918","2021-P","Blue Hubbard","Germany",194.846269857631,"medium"
"919","2016-P","Casper","Italy",433.325236394728,"medium"
"920","2013-P","Early Giant","France",43.6397336545778,"Light"
"921","2014-P","Prizewinner","Germany",309.43736623734,"medium"
"922","2017-P","Rouge Vif d’Etampes","Germany",216.087546957676,"medium"
"923","2021-P","Spirit","Italy",275.51344289598,"medium"
"924","2020-P","Howden","Italy",520.760780142445,"Heavy"
"925","2018-P","Spirit","Italy",139.444634350923,"medium"
"926","2018-P","Autumn Gold","France",728.295496029354,"Heavy"
"927","2020-P","Big Moose","Germany",34.6946053993592,"Light"
"928","2015-P","Casper","Italy",313.790347924794,"medium"
"929","2017-P","Big Moose","Germany",125.956992853886,"medium"
"930","2017-P","Champion","Italy",227.208089078406,"medium"
"931","2017-P","Wolf","Italy",219.017498875759,"medium"
"932","2021-P","Connecticut Field","Germany",104.369149154446,"medium"
"933","2017-P","Casper","France",142.391225980155,"medium"
"934","2020-P","Howden","Germany",443.870738446035,"medium"
"935","2014-P","Cinderella","Germany",472.191103252387,"Heavy"
"936","2020-P","Wolf","Italy",319.608862178343,"medium"
"937","2015-P","Blue Hubbard","Germany",209.078751076422,"medium"
"938","2019-P","Cinderella","Germany",77.5905347225143,"Light"
"939","2015-P","Autumn Gold","Italy",255.910537368879,"medium"
"940","2021-P","Champion","Germany",126.193313844362,"medium"
"941","2021-P","Dill's Atlantic","Italy",97.1856306971785,"medium"
"942","2015-P","Cinderella","Germany",529.355342606038,"Heavy"
"943","2015-P","Autumn Gold","Italy",45.8105341369056,"Light"
"944","2015-P","Blue Hubbard","Italy",165.389435676689,"medium"
"945","2016-P","Big Moose","Italy",436.841223344272,"medium"
"946","2019-P","Jack O'Lantern","Germany",158.896468252446,"medium"
"947","2014-P","Early Giant","Italy",249.295244387403,"medium"
"948","2019-P","Howden","Italy",810.660989848208,"Heavy"
"949","2019-P","Cinderella","Germany",90.62904821489,"Light"
"950","2020-P","Howden","Italy",855.123581925474,"Heavy"
"951","2016-P","Dill's Atlantic","France",661.42004493573,"Heavy"
"952","2019-P","Champion","Germany",442.254513981127,"medium"
"953","2019-P","Big Moose","Germany",536.482409522066,"Heavy"
"954","2020-P","Early Giant","Italy",870.459187946448,"Heavy"
"955","2015-P","Autumn Gold","Germany",455.97456423341,"Heavy"
"956","2019-P","Atlantic Giant","Germany",205.699954150328,"medium"
"957","2013-P","Blue Hubbard","Italy",228.9786416506,"medium"
"958","2020-P","Champion","Germany",330.784322837549,"medium"
"959","2017-P","Champion","Italy",64.1680601286867,"Light"
"960","2019-P","Howden","Italy",101.458681741939,"medium"
"961","2018-P","Rouge Vif d’Etampes","Italy",298.770382490631,"medium"
"962","2017-P","Prizewinner","Germany",139.458595897849,"medium"
"963","2016-P","Connecticut Field","Germany",272.347478253366,"medium"
"964","2018-P","Champion","Italy",757.932170222942,"Heavy"
"965","2018-P","Cinderella","Germany",563.000932869269,"Heavy"
"966","2016-P","Autumn Gold","Italy",293.973480941274,"medium"
"967","2021-P","Connecticut Field","Germany",300.22515015355,"medium"
"968","2018-P","Spirit","France",247.810204424746,"medium"
"969","2018-P","Howden","Germany",746.310046178926,"Heavy"
"970","2014-P","Cinderella","Italy",184.98474120509,"medium"
"971","2019-P","Casper","Germany",594.279216905479,"Heavy"
"972","2017-P","Connecticut Field","Italy",109.656951854987,"medium"
"973","2021-P","Big Moose","France",45.7811153241278,"Light"
"974","2014-P","Dill's Atlantic","Germany",69.6579740938609,"Light"
"975","2021-P","Howden","Germany",274.170620873035,"medium"
"976","2020-P","Cinderella","Germany",517.939483235954,"Heavy"
"977","2017-P","Big Moose","Germany",271.047879412183,"medium"
"978","2013-P","Howden","Germany",88.7153454456216,"Light"
"979","2016-P","Spirit","Germany",283.248371382925,"medium"
"980","2016-P","Big Max","Germany",359.944724504795,"medium"
"981","2016-P","Big Max","Italy",210.286250755948,"medium"
"982","2019-P","Cinderella","Germany",47.018058015937,"Light"
"983","2018-P","Cinderella","Italy",774.704568964657,"Heavy"
"984","2018-P","Blue Hubbard","Italy",496.731808732214,"Heavy"
"985","2013-P","Wolf","Germany",65.435092424112,"Light"
"986","2014-P","Howden","France",535.72297409412,"Heavy"
"987","2015-P","Howden","Germany",90.5538072347972,"Light"
"988","2017-P","Big Max","Germany",362.984264946416,"medium"
"989","2021-P","Casper","Germany",617.411916209827,"Heavy"
"990","2016-P","Big Max","Germany",240.788757632446,"medium"
"991","2018-P","Early Giant","Germany",534.538815871442,"Heavy"
"992","2013-P","Wolf","Germany",491.985005017093,"Heavy"
"993","2013-P","Big Max","Italy",254.060779783123,"medium"
"994","2017-P","Big Max","Germany",444.260936701675,"medium"
"995","2017-P","Wolf","Germany",293.008617753442,"medium"
"996","2014-P","Prizewinner","Germany",228.122488047606,"medium"
"997","2019-P","Prizewinner","Germany",93.4072220517095,"medium"
"998","2017-P","Champion","Italy",527.814314129284,"Heavy"
"999","2018-P","Early Giant","Italy",271.043157847932,"medium"
"1000","2016-P","Big Max","Italy",235.30341839322,"medium"
"1001","2014-P","Wolf","Germany",171.394326219566,"medium"
"1002","2020-P","Casper","Italy",877.23026524735,"Heavy"
"1003","2018-P","Jack O'Lantern","Italy",252.996909270342,"medium"
"1004","2016-P","Dill's Atlantic","Germany",79.4105266153552,"Light"
"1005","2019-P","Prizewinner","Germany",299.351812610679,"medium"
"1006","2020-P","Blue Hubbard","Germany",303.178507877101,"medium"
"1007","2013-P","Autumn Gold","Germany",299.036653143918,"medium"
"1008","2015-P","Dill's Atlantic","Italy",381.910348748659,"medium"
"1009","2020-P","Champion","Germany",165.146197580751,"medium"
"1010","2013-P","Big Max","Italy",101.019798287367,"medium"
"1011","2014-P","Atlantic Giant","Italy",288.7138219985,"medium"
"1012","2015-P","Champion","Italy",324.355768619315,"medium"
"1013","2021-P","Rouge Vif d’Etampes","Italy",808.427907060802,"Heavy"
"1014","2013-P","Prizewinner","Germany",202.113762554396,"medium"
"1015","2015-P","Prizewinner","Germany",808.787534845764,"Heavy"
"1016","2020-P","Cinderella","Germany",273.746495188058,"medium"
"1017","2014-P","Autumn Gold","Germany",422.813076643852,"medium"
"1018","2021-P","Jack O'Lantern","Germany",320.057778116247,"medium"
"1019","2013-P","Dill's Atlantic","Germany",738.405134818468,"Heavy"
"1020","2020-P","Wolf","France",39.380088817967,"Light"
"1021","2021-P","Blue Hubbard","France",211.046697164338,"medium"
"1022","2015-P","Connecticut Field","Italy",232.173765982012,"medium"
"1023","2021-P","Howden","Germany",403.560743835974,"medium"
"1024","2014-P","Big Moose","Italy",355.078920474712,"medium"
"1025","2019-P","Big Max","Italy",926.021127413779,"Heavy"
"1026","2017-P","Champion","Germany",157.981782234363,"medium"
"1027","2016-P","Connecticut Field","Germany",296.533966989283,"medium"
"1028","2013-P","Rouge Vif d’Etampes","Italy",300.05381728519,"medium"
"1029","2021-P","Wolf","Germany",230.356035909759,"medium"
"1030","2014-P","Early Giant","Germany",167.696914485889,"medium"
"1031","2015-P","Casper","Germany",189.862824881259,"medium"
"1032","2020-P","Casper","Germany",135.81192601054,"medium"
"1033","2017-P","Cinderella","Italy",725.909427349698,"Heavy"
"1034","2019-P","Big Max","Italy",512.809260772184,"Heavy"
"1035","2018-P","Prizewinner","Germany",67.188232217947,"Light"
"1036","2013-P","Autumn Gold","Germany",535.903288862477,"Heavy"
"1037","2014-P","Autumn Gold","Italy",378.069061139681,"medium"
"1038","2014-P","Autumn Gold","France",370.919278165714,"medium"
"1039","2020-P","Blue Hubbard","Germany",585.135545380714,"Heavy"
"1040","2015-P","Champion","Germany",385.141915372574,"medium"
"1041","2013-P","Big Max","Germany",27.977822224619,"Light"
"1042","2018-P","Atlantic Giant","Germany",594.383977127282,"Heavy"
"1043","2020-P","Blue Hubbard","Italy",127.702519885383,"medium"
"1044","2013-P","Casper","Italy",264.311334591394,"medium"
"1045","2014-P","Atlantic Giant","France",348.631044867953,"medium"
"1046","2015-P","Autumn Gold","Germany",493.086660896265,"Heavy"
"1047","2013-P","Cinderella","Italy",319.162937472141,"medium"
"1048","2021-P","Blue Hubbard","Germany",89.6998147149132,"Light"
"1049","2019-P","Wolf","Germany",433.510892350984,"medium"
"1050","2020-P","Connecticut Field","Germany",545.133531499483,"Heavy"
"1051","2015-P","Prizewinner","Italy",47.1026477984638,"Light"
"1052","2021-P","Cinderella","Germany",124.234269757625,"medium"
"1053","2015-P","Spirit","Germany",590.720546650526,"Heavy"
"1054","2021-P","Spirit","Germany",148.155517340204,"medium"
"1055","2021-P","Cinderella","Germany",680.94041501371,"Heavy"
"1056","2018-P","Spirit","Germany",563.00384453191,"Heavy"
"1057","2019-P","Cinderella","Germany",286.859947942053,"medium"
"1058","2016-P","Wolf","Germany",207.693102867237,"medium"
"1059","2019-P","Spirit","Germany",86.4701926955904,"Light"
"1060","2021-P","Blue Hubbard","Italy",726.128330773405,"Heavy"
"1061","2013-P","Connecticut Field","Italy",36.6000586518213,"Light"
"1062","2014-P","Big Max","Germany",140.243592844675,"medium"
"1063","2015-P","Wolf","Italy",440.468124629458,"medium"
"1064","2015-P","Jack O'Lantern","Italy",108.947633843032,"medium"
"1065","2015-P","Big Max","Germany",323.354316658725,"medium"
"1066","2021-P","Champion","Germany",125.859845694079,"medium"
"1067","2017-P","Casper","Germany",20.5668154066999,"Light"
"1068","2021-P","Big Max","Germany",418.760236401973,"medium"
"1069","2015-P","Cinderella","Germany",364.167886552677,"medium"
"1070","2020-P","Howden","Germany",277.945389756325,"medium"
"1071","2017-P","Dill's Atlantic","France",163.859025136081,"medium"
"1072","2015-P","Big Moose","Germany",240.714040857601,"medium"
"1073","2014-P","Prizewinner","Germany",721.148190722169,"Heavy"
"1074","2013-P","Wolf","Italy",137.951429445443,"medium"
"1075","2021-P","Rouge Vif d’Etampes","Germany",204.192847226957,"medium"
"1076","2014-P","Rouge Vif d’Etampes","Italy",147.108865334621,"medium"
"1077","2021-P","Cinderella","Italy",843.888336769019,"Heavy"
"1078","2021-P","Dill's Atlantic","France",255.13428532225,"medium"
"1079","2015-P","Rouge Vif d’Etampes","France",150.365151118864,"medium"
"1080","2020-P","Spirit","Germany",677.302715463388,"Heavy"
"1081","2020-P","Early Giant","Italy",95.3243578016276,"medium"
"1082","2013-P","Connecticut Field","Germany",44.4942484613105,"Light"
"1083","2019-P","Cinderella","Germany",102.794009822265,"medium"
"1084","2015-P","Casper","Italy",513.249421940329,"Heavy"
"1085","2019-P","Cinderella","Germany",394.694367613428,"medium"
"1086","2017-P","Wolf","Italy",147.205460503695,"medium"
"1087","2020-P","Champion","Germany",306.711228001189,"medium"
"1088","2017-P","Atlantic Giant","Italy",460.625162584117,"Heavy"
"1089","2013-P","Cinderella","Italy",207.617190733137,"medium"
"1090","2020-P","Big Moose","Germany",54.3620374958654,"Light"
"1091","2015-P","Prizewinner","France",293.245910780476,"medium"
"1092","2019-P","Cinderella","Italy",332.381770852055,"medium"
"1093","2021-P","Champion","Germany",137.950357379265,"medium"
"1094","2019-P","Rouge Vif d’Etampes","Italy",617.806952250515,"Heavy"
"1095","2018-P","Prizewinner","Italy",199.159224138453,"medium"
"1096","2021-P","Prizewinner","Germany",278.127807413778,"medium"
"1097","2016-P","Wolf","Germany",300.273837623301,"medium"
"1098","2017-P","Spirit","Italy",185.839184695803,"medium"
"1099","2017-P","Jack O'Lantern","Germany",216.626095720178,"medium"
"1100","2014-P","Wolf","France",454.180632180973,"Heavy"
"1101","2016-P","Blue Hubbard","Germany",221.125840700465,"medium"
"1102","2021-P","Howden","Italy",476.43076616222,"Heavy"
"1103","2014-P","Blue Hubbard","Germany",281.292249305224,"medium"
"1104","2020-P","Connecticut Field","Germany",237.287670100683,"medium"
"1105","2016-P","Dill's Atlantic","Germany",283.546176227299,"medium"
"1106","2020-P","Early Giant","Germany",64.4475318705002,"Light"
"1107","2018-P","Casper","Germany",381.611917542495,"medium"
"1108","2017-P","Champion","Italy",318.021118370447,"medium"
"1109","2016-P","Champion","France",192.076890399943,"medium"
"1110","2019-P","Big Max","Germany",114.04894744448,"medium"
"1111","2017-P","Champion","Germany",142.698729791215,"medium"
"1112","2021-P","Spirit","Germany",340.318191727881,"medium"
"1113","2017-P","Early Giant","Germany",263.743764177372,"medium"
"1114","2016-P","Early Giant","Germany",376.986660777881,"medium"
"1115","2016-P","Jack O'Lantern","Germany",61.3297381103933,"Light"
"1116","2019-P","Blue Hubbard","Germany",176.288617510787,"medium"
"1117","2014-P","Cinderella","Germany",281.547593031189,"medium"
"1118","2013-P","Champion","Germany",175.312620257853,"medium"
"1119","2021-P","Connecticut Field","Italy",567.59642057255,"Heavy"
"1120","2021-P","Cinderella","Germany",541.725057639954,"Heavy"
"1121","2015-P","Cinderella","Germany",696.397041729384,"Heavy"
"1122","2013-P","Jack O'Lantern","Germany",52.39154711091,"Light"
"1123","2015-P","Connecticut Field","Germany",305.617581164539,"medium"
"1124","2018-P","Big Max","Italy",245.585764395597,"medium"
"1125","2021-P","Spirit","Italy",308.291191984697,"medium"
"1126","2014-P","Jack O'Lantern","Germany",428.868297639337,"medium"
"1127","2017-P","Champion","Germany",195.550359612295,"medium"
"1128","2016-P","Blue Hubbard","Germany",471.372326537417,"Heavy"
"1129","2019-P","Early Giant","Germany",179.663964898143,"medium"
"1130","2015-P","Connecticut Field","Italy",174.662181231557,"medium"
"1131","2021-P","Prizewinner","Germany",55.7355151800195,"Light"
"1132","2017-P","Atlantic Giant","Germany",113.480871603158,"medium"
"1133","2019-P","Big Moose","Italy",38.6809700558805,"Light"
"1134","2020-P","Big Max","Germany",95.2195533751942,"medium"
"1135","2017-P","Rouge Vif d’Etampes","Italy",213.357448950106,"medium"
"1136","2021-P","Rouge Vif d’Etampes","Germany",349.107573802222,"medium"
"1137","2013-P","Wolf","Italy",184.414749132106,"medium"
"1138","2019-P","Rouge Vif d’Etampes","Italy",636.307132065091,"Heavy"
"1139","2019-P","Prizewinner","Italy",70.5955077278982,"Light"
"1140","2018-P","Big Moose","Germany",243.837230024299,"medium"
"1141","2019-P","Prizewinner","Germany",165.830512436915,"medium"
"1142","2017-P","Big Max","Italy",334.710592774708,"medium"
"1143","2021-P","Rouge Vif d’Etampes","Italy",122.939956310822,"medium"
"1144","2019-P","Champion","Germany",95.0365527952954,"medium"
"1145","2016-P","Early Giant","Germany",495.835957752339,"Heavy"
"1146","2018-P","Casper","Italy",536.097072225863,"Heavy"
"1147","2019-P","Dill's Atlantic","Germany",122.240739272659,"medium"
"1148","2013-P","Atlantic Giant","Italy",243.262993287205,"medium"
"1149","2020-P","Champion","Italy",209.983865243367,"medium"
"1150","2014-P","Big Max","Italy",362.950364211093,"medium"
"1151","2016-P","Champion","Germany",91.5831516595788,"medium"
"1152","2021-P","Atlantic Giant","Italy",312.518120087847,"medium"
"1153","2018-P","Wolf","Italy",567.8323676539,"Heavy"
"1154","2013-P","Cinderella","Italy",41.0183836513081,"Light"
"1155","2021-P","Champion","Germany",39.1882603349134,"Light"
"1156","2019-P","Casper","Germany",219.801767227082,"medium"
"1157","2013-P","Connecticut Field","Germany",541.780951220057,"Heavy"
"1158","2014-P","Autumn Gold","Germany",180.003424525491,"medium"
"1159","2015-P","Rouge Vif d’Etampes","Germany",259.400800668701,"medium"
"1160","2019-P","Connecticut Field","Germany",465.393313938232,"Heavy"
"1161","2014-P","Blue Hubbard","Germany",248.738224974744,"medium"
"1162","2021-P","Atlantic Giant","Germany",720.777745825323,"Heavy"
"1163","2015-P","Cinderella","Italy",365.831938170977,"medium"
"1164","2013-P","Connecticut Field","Germany",85.511823733871,"Light"
"1165","2013-P","Champion","Germany",675.438256487765,"Heavy"
"1166","2021-P","Big Moose","Germany",337.8836754738,"medium"
"1167","2021-P","Rouge Vif d’Etampes","Italy",810.894748378717,"Heavy"
"1168","2016-P","Jack O'Lantern","Germany",360.687900296582,"medium"
"1169","2013-P","Atlantic Giant","Italy",477.631083864534,"Heavy"
"1170","2013-P","Dill's Atlantic","Germany",152.758480613568,"medium"
"1171","2014-P","Big Max","Germany",176.669009558524,"medium"
"1172","2013-P","Casper","Italy",85.4313967860272,"Light"
"1173","2020-P","Big Moose","Italy",60.8942613357192,"Light"
"1174","2019-P","Connecticut Field","Germany",133.329289620638,"medium"
"1175","2021-P","Dill's Atlantic","France",561.385359825608,"Heavy"
"1176","2021-P","Spirit","Germany",61.4496188817369,"Light"
"1177","2013-P","Rouge Vif d’Etampes","Germany",183.294042859395,"medium"
"1178","2017-P","Casper","Germany",69.5477537086147,"Light"
"1179","2021-P","Dill's Atlantic","Italy",547.032471591616,"Heavy"
"1180","2014-P","Prizewinner","Germany",242.776295595084,"medium"
"1181","2020-P","Blue Hubbard","Germany",61.0387000646648,"Light"
"1182","2020-P","Big Max","Italy",243.860556149799,"medium"
"1183","2018-P","Cinderella","Italy",398.588210927964,"medium"
"1184","2018-P","Big Max","Italy",298.973725946546,"medium"
"1185","2014-P","Autumn Gold","Italy",181.377601075025,"medium"
"1186","2014-P","Prizewinner","Germany",437.100949000114,"medium"
"1187","2020-P","Autumn Gold","Germany",126.065150824321,"medium"
"1188","2019-P","Big Max","Germany",78.7775355777972,"Light"
"1189","2017-P","Atlantic Giant","Germany",119.191653201931,"medium"
"1190","2018-P","Blue Hubbard","Italy",79.2050011358711,"Light"
"1191","2013-P","Big Moose","Germany",70.1716711552448,"Light"
"1192","2018-P","Jack O'Lantern","France",288.150737661441,"medium"
"1193","2019-P","Connecticut Field","France",100.419434318269,"medium"
"1194","2017-P","Champion","Italy",467.694226621915,"Heavy"
"1195","2020-P","Champion","Germany",240.119113648172,"medium"
"1196","2017-P","Casper","Germany",464.467963549413,"Heavy"
"1197","2015-P","Jack O'Lantern","Italy",426.289103890745,"medium"
"1198","2014-P","Early Giant","Germany",165.687743387667,"medium"
"1199","2017-P","Cinderella","Germany",192.025216584694,"medium"
"1200","2015-P","Atlantic Giant","France",543.800553901249,"Heavy"
"1201","2016-P","Big Max","Germany",213.024420400964,"medium"
"1202","2017-P","Jack O'Lantern","Germany",98.4682898810583,"medium"
"1203","2014-P","Cinderella","Germany",245.561449100092,"medium"
"1204","2013-P","Spirit","France",303.029860125394,"medium"
"1205","2018-P","Early Giant","Germany",71.8779455734149,"Light"
"1206","2016-P","Wolf","Germany",85.7245243161878,"Light"
"1207","2014-P","Early Giant","Italy",526.278521977116,"Heavy"
"1208","2021-P","Blue Hubbard","Germany",92.0843701968009,"medium"
"1209","2017-P","Atlantic Giant","Italy",515.467195168626,"Heavy"
"1210","2014-P","Autumn Gold","Italy",124.982972388726,"medium"
"1211","2013-P","Big Max","Italy",73.8336660668096,"Light"
"1212","2018-P","Casper","Germany",245.491959697694,"medium"
"1213","2020-P","Spirit","Germany",226.629799628021,"medium"
"1214","2018-P","Cinderella","Italy",752.576005746964,"Heavy"
"1215","2019-P","Jack O'Lantern","Germany",318.806081271647,"medium"
"1216","2013-P","Blue Hubbard","Germany",415.874838504222,"medium"
"1217","2017-P","Big Max","Italy",145.452280940925,"medium"
"1218","2019-P","Atlantic Giant","Germany",366.959818551104,"medium"
"1219","2021-P","Blue Hubbard","Italy",440.018818797035,"medium"
"1220","2017-P","Casper","Italy",140.080749840341,"medium"
"1221","2021-P","Spirit","Italy",1184.28218371332,"Heavy"
"1222","2014-P","Cinderella","Germany",128.623488662118,"medium"
"1223","2021-P","Blue Hubbard","Germany",68.4182123624872,"Light"
"1224","2020-P","Wolf","Germany",299.425403869866,"medium"
"1225","2017-P","Blue Hubbard","Germany",652.527244672069,"Heavy"
"1226","2018-P","Champion","Germany",276.169501534229,"medium"
"1227","2015-P","Wolf","Germany",403.843814314046,"medium"
"1228","2020-P","Champion","Italy",328.50556549204,"medium"
"1229","2017-P","Atlantic Giant","Germany",702.413688707324,"Heavy"
"1230","2017-P","Dill's Atlantic","Italy",132.684129974408,"medium"
"1231","2015-P","Howden","Germany",249.505036094847,"medium"
"1232","2020-P","Cinderella","Germany",342.18228050689,"medium"
"1233","2021-P","Casper","Germany",63.7542766870887,"Light"
"1234","2014-P","Wolf","Italy",236.656256015423,"medium"
"1235","2021-P","Champion","Germany",566.664167898132,"Heavy"
"1236","2018-P","Casper","Germany",468.620311428578,"Heavy"
"1237","2018-P","Big Moose","Germany",267.035451079581,"medium"
"1238","2019-P","Rouge Vif d’Etampes","Italy",335.259853130886,"medium"
"1239","2017-P","Casper","Italy",234.155773900192,"medium"
"1240","2020-P","Wolf","Germany",351.945326587406,"medium"
"1241","2020-P","Wolf","France",17.8258807943545,"Light"
"1242","2015-P","Early Giant","Germany",336.015236973726,"medium"
"1243","2020-P","Big Max","Germany",267.598508388966,"medium"
"1244","2021-P","Jack O'Lantern","Germany",457.065794094844,"Heavy"
"1245","2016-P","Casper","France",340.26178445668,"medium"
"1246","2013-P","Cinderella","Germany",102.319773075655,"medium"
"1247","2018-P","Blue Hubbard","France",328.517795320897,"medium"
"1248","2014-P","Rouge Vif d’Etampes","Germany",205.772948203897,"medium"
"1249","2017-P","Cinderella","Germany",358.323045202765,"medium"
"1250","2017-P","Wolf","Germany",79.0427208183053,"Light"
"1251","2021-P","Howden","Germany",242.495931808343,"medium"
"1252","2014-P","Dill's Atlantic","France",169.777422190242,"medium"
"1253","2017-P","Blue Hubbard","Germany",190.335066781335,"medium"
"1254","2018-P","Champion","Germany",446.198881500098,"medium"
"1255","2020-P","Rouge Vif d’Etampes","Germany",737.847006637423,"Heavy"
"1256","2018-P","Howden","Italy",397.682528326744,"medium"
"1257","2019-P","Rouge Vif d’Etampes","Germany",228.02194165851,"medium"
"1258","2018-P","Wolf","France",182.193352947047,"medium"
"1259","2017-P","Early Giant","Germany",358.32993608455,"medium"
"1260","2016-P","Rouge Vif d’Etampes","France",42.9766256712857,"Light"
"1261","2015-P","Autumn Gold","Germany",783.772152949047,"Heavy"
"1262","2013-P","Howden","France",41.7251411829778,"Light"
"1263","2015-P","Dill's Atlantic","Italy",422.578484558525,"medium"
"1264","2017-P","Casper","France",122.579869644098,"medium"
"1265","2019-P","Wolf","Germany",318.790073234675,"medium"
"1266","2013-P","Champion","Germany",73.0835195108842,"Light"
"1267","2015-P","Big Moose","Italy",49.2990511877127,"Light"
"1268","2017-P","Connecticut Field","Germany",614.720197954253,"Heavy"
"1269","2019-P","Casper","Germany",124.386133297437,"medium"
"1270","2018-P","Casper","Italy",297.603419687972,"medium"
"1271","2017-P","Spirit","Italy",381.306179128273,"medium"
"1272","2021-P","Big Max","Italy",281.818968453932,"medium"
"1273","2018-P","Wolf","Germany",256.391006331217,"medium"
"1274","2021-P","Spirit","Germany",142.247467241448,"medium"
"1275","2018-P","Casper","Germany",216.319033236575,"medium"
"1276","2013-P","Early Giant","Germany",70.1624227998794,"Light"
"1277","2017-P","Champion","Italy",140.985142473058,"medium"
"1278","2015-P","Dill's Atlantic","Italy",511.43484119123,"Heavy"
"1279","2017-P","Big Max","Germany",426.324336407628,"medium"
"1280","2013-P","Spirit","Germany",73.5542720908398,"Light"
"1281","2021-P","Blue Hubbard","Italy",608.440600514609,"Heavy"
"1282","2020-P","Dill's Atlantic","Italy",59.4262923424199,"Light"
"1283","2021-P","Spirit","Germany",236.610631774624,"medium"
"1284","2020-P","Dill's Atlantic","Italy",111.860925042843,"medium"
"1285","2021-P","Champion","Germany",125.242124588569,"medium"
"1286","2021-P","Spirit","Germany",146.425037480767,"medium"
"1287","2019-P","Blue Hubbard","Germany",360.399580739193,"medium"
"1288","2015-P","Big Max","Germany",289.616340432389,"medium"
"1289","2015-P","Atlantic Giant","Italy",42.2223946814976,"Light"
"1290","2014-P","Howden","Italy",354.259438264698,"medium"
"1291","2019-P","Spirit","Germany",93.7440061169866,"medium"
"1292","2018-P","Casper","Italy",330.169047246598,"medium"
"1293","2013-P","Blue Hubbard","Germany",782.416823044191,"Heavy"
"1294","2015-P","Rouge Vif d’Etampes","Germany",368.667980112384,"medium"
"1295","2020-P","Dill's Atlantic","Germany",33.4893989954111,"Light"
"1296","2020-P","Early Giant","Italy",145.167897355069,"medium"
"1297","2021-P","Jack O'Lantern","Germany",24.4089318051607,"Light"
"1298","2020-P","Autumn Gold","Germany",223.743525583798,"medium"
"1299","2021-P","Spirit","Italy",572.392663097357,"Heavy"
"1300","2013-P","Dill's Atlantic","France",383.643847258629,"medium"
"1301","2018-P","Connecticut Field","Germany",216.607456971302,"medium"
"1302","2019-P","Autumn Gold","Italy",889.701058748222,"Heavy"
"1303","2018-P","Atlantic Giant","Germany",376.944684744656,"medium"
"1304","2018-P","Casper","France",477.787226339995,"Heavy"
"1305","2020-P","Wolf","Germany",126.108742599383,"medium"
"1306","2015-P","Wolf","Germany",618.526638587332,"Heavy"
"1307","2021-P","Early Giant","Germany",358.54030743672,"medium"
"1308","2021-P","Dill's Atlantic","Germany",101.74718851438,"medium"
"1309","2021-P","Rouge Vif d’Etampes","Germany",401.341292201196,"medium"
"1310","2021-P","Cinderella","Germany",31.1568197510067,"Light"
"1311","2020-P","Wolf","Italy",94.0546586169003,"medium"
"1312","2017-P","Blue Hubbard","Italy",760.64894121616,"Heavy"
"1313","2018-P","Blue Hubbard","Italy",441.51504586994,"medium"
"1314","2019-P","Rouge Vif d’Etampes","France",366.933691938361,"medium"
"1315","2017-P","Connecticut Field","Germany",150.071737189604,"medium"
"1316","2021-P","Big Max","Germany",103.14704558319,"medium"
"1317","2018-P","Dill's Atlantic","Germany",113.656247165761,"medium"
"1318","2021-P","Howden","Germany",532.803790232012,"Heavy"
"1319","2019-P","Champion","Italy",45.5171788519918,"Light"
"1320","2013-P","Casper","Italy",110.14653521523,"medium"
"1321","2015-P","Early Giant","Italy",439.706865570593,"medium"
"1322","2016-P","Big Max","Germany",283.273447723651,"medium"
"1323","2018-P","Big Moose","Italy",320.592395194816,"medium"
"1324","2017-P","Howden","Germany",387.157548526271,"medium"
"1325","2013-P","Casper","Germany",39.8892753937941,"Light"
"1326","2017-P","Autumn Gold","Italy",424.530249556474,"medium"
"1327","2018-P","Wolf","Germany",446.271827625414,"medium"
"1328","2013-P","Big Max","Germany",81.6418795027946,"Light"
"1329","2013-P","Casper","Italy",145.651513821298,"medium"
"1330","2020-P","Champion","Germany",228.787305093897,"medium"
"1331","2018-P","Blue Hubbard","Germany",62.371307699772,"Light"
"1332","2017-P","Howden","Germany",209.36976143003,"medium"
"1333","2021-P","Dill's Atlantic","Germany",349.541815467934,"medium"
"1334","2014-P","Autumn Gold","Germany",253.047665789978,"medium"
"1335","2021-P","Rouge Vif d’Etampes","Germany",164.612539420249,"medium"
"1336","2014-P","Cinderella","Italy",418.649332248055,"medium"
"1337","2020-P","Cinderella","France",37.138639838374,"Light"
"1338","2017-P","Atlantic Giant","Germany",66.4252156321126,"Light"
"1339","2013-P","Atlantic Giant","Italy",406.322039465791,"medium"
"1340","2017-P","Wolf","Germany",176.222846361959,"medium"
"1341","2019-P","Prizewinner","Italy",269.356262647042,"medium"
"1342","2014-P","Early Giant","Germany",390.196592998561,"medium"
"1343","2016-P","Casper","Italy",609.986672697818,"Heavy"
"1344","2013-P","Cinderella","Germany",399.409477712509,"medium"
"1345","2015-P","Connecticut Field","Italy",524.441981179889,"Heavy"
"1346","2017-P","Wolf","Italy",423.998081459606,"medium"
"1347","2016-P","Big Max","Germany",358.440744928653,"medium"
"1348","2013-P","Blue Hubbard","Germany",141.324806279644,"medium"
"1349","2016-P","Champion","Germany",324.58756088162,"medium"
"1350","2021-P","Connecticut Field","Germany",364.706028256311,"medium"
"1351","2014-P","Champion","Germany",108.146443620169,"medium"
"1352","2021-P","Early Giant","Italy",852.617384881906,"Heavy"
"1353","2019-P","Wolf","Germany",519.130855567678,"Heavy"
"1354","2014-P","Casper","Germany",307.814906919317,"medium"
"1355","2014-P","Autumn Gold","Germany",346.200061697998,"medium"
"1356","2018-P","Cinderella","Germany",87.4904353810054,"Light"
"1357","2014-P","Howden","Italy",87.7595361296753,"Light"
"1358","2016-P","Rouge Vif d’Etampes","Germany",448.366152945782,"medium"
"1359","2017-P","Big Moose","France",149.120300185336,"medium"
"1360","2015-P","Autumn Gold","Germany",408.071841532349,"medium"
"1361","2021-P","Early Giant","France",160.576150441015,"medium"
"1362","2013-P","Jack O'Lantern","Italy",148.811807238559,"medium"
"1363","2019-P","Atlantic Giant","Germany",393.882369552427,"medium"
"1364","2014-P","Spirit","Germany",703.213402540383,"Heavy"
"1365","2015-P","Big Moose","Italy",390.819926500569,"medium"
"1366","2019-P","Big Moose","Germany",205.180218082726,"medium"
"1367","2020-P","Big Max","Germany",326.935008744539,"medium"
"1368","2013-P","Early Giant","Italy",252.179037136443,"medium"
"1369","2019-P","Cinderella","Germany",253.085010849645,"medium"
"1370","2015-P","Howden","Italy",195.411273818383,"medium"
"1371","2018-P","Champion","France",275.367340326808,"medium"
"1372","2021-P","Wolf","Italy",182.683637506609,"medium"
"1373","2015-P","Connecticut Field","Germany",97.9671238074632,"medium"
"1374","2015-P","Rouge Vif d’Etampes","Germany",381.598052052938,"medium"
"1375","2015-P","Big Moose","Germany",36.7607956104244,"Light"
"1376","2020-P","Big Max","Germany",132.712210291586,"medium"
"1377","2016-P","Big Max","Germany",114.860338993541,"medium"
"1378","2017-P","Wolf","Italy",237.706938746203,"medium"
"1379","2016-P","Howden","Germany",212.678309337342,"medium"
"1380","2013-P","Jack O'Lantern","Germany",415.915129075991,"medium"
"1381","2013-P","Casper","Germany",183.87437838225,"medium"
"1382","2014-P","Connecticut Field","France",164.381987500852,"medium"
"1383","2019-P","Jack O'Lantern","Germany",75.2069582517283,"Light"
"1384","2018-P","Jack O'Lantern","France",298.304418583935,"medium"
"1385","2017-P","Prizewinner","Italy",227.961142898266,"medium"
"1386","2015-P","Big Max","Germany",419.478287940283,"medium"
"1387","2016-P","Champion","Italy",206.514082923994,"medium"
"1388","2016-P","Howden","Germany",174.070758348104,"medium"
"1389","2019-P","Autumn Gold","Germany",97.1988319238876,"medium"
"1390","2017-P","Blue Hubbard","Germany",193.462726371638,"medium"
"1391","2013-P","Connecticut Field","Germany",65.2618165232007,"Light"
"1392","2013-P","Connecticut Field","Italy",146.397395143344,"medium"
"1393","2019-P","Spirit","Italy",79.2156680997523,"Light"
"1394","2021-P","Big Moose","Germany",226.852604846008,"medium"
"1395","2020-P","Wolf","Italy",445.841147151573,"medium"
"1396","2020-P","Casper","Germany",153.821648422898,"medium"
"1397","2013-P","Big Max","Germany",648.220874812527,"Heavy"
"1398","2015-P","Early Giant","Italy",130.559313532547,"medium"
"1399","2020-P","Dill's Atlantic","France",46.6139928394945,"Light"
"1400","2017-P","Connecticut Field","Italy",157.211998016754,"medium"
"1401","2019-P","Dill's Atlantic","Germany",151.262851098472,"medium"
"1402","2019-P","Jack O'Lantern","Italy",575.233074924196,"Heavy"
"1403","2019-P","Howden","Italy",282.879886533875,"medium"
"1404","2014-P","Cinderella","Italy",405.062666150645,"medium"
"1405","2017-P","Dill's Atlantic","Germany",67.7172698644677,"Light"
"1406","2021-P","Prizewinner","Italy",322.841437266136,"medium"
"1407","2018-P","Autumn Gold","Germany",333.253151295167,"medium"
"1408","2017-P","Casper","Italy",206.319279934762,"medium"
"1409","2015-P","Cinderella","Italy",352.75678419158,"medium"
"1410","2019-P","Wolf","Germany",134.012169177992,"medium"
"1411","2021-P","Cinderella","Germany",489.753133371366,"Heavy"
"1412","2020-P","Big Moose","Germany",117.574004854911,"medium"
"1413","2020-P","Autumn Gold","Germany",258.200398395188,"medium"
"1414","2018-P","Blue Hubbard","Italy",254.780978608945,"medium"
"1415","2015-P","Connecticut Field","Germany",665.052421416947,"Heavy"
"1416","2020-P","Cinderella","Germany",135.962704636576,"medium"
"1417","2017-P","Cinderella","France",139.786678718337,"medium"
"1418","2019-P","Big Max","Germany",181.15666360721,"medium"
"1419","2020-P","Prizewinner","Germany",85.4018694569447,"Light"
"1420","2017-P","Early Giant","Germany",75.0939635154114,"Light"
"1421","2021-P","Prizewinner","Germany",348.968175304656,"medium"
"1422","2020-P","Wolf","Germany",339.435220456316,"medium"
"1423","2018-P","Wolf","Italy",472.979674929226,"Heavy"
"1424","2019-P","Cinderella","Italy",318.575277232368,"medium"
"1425","2017-P","Big Max","Germany",369.31579146828,"medium"
"1426","2013-P","Early Giant","Italy",140.933628536644,"medium"
"1427","2013-P","Blue Hubbard","Germany",498.139427757901,"Heavy"
"1428","2014-P","Spirit","Germany",374.740240628387,"medium"
"1429","2021-P","Rouge Vif d’Etampes","Germany",543.151514205335,"Heavy"
"1430","2019-P","Connecticut Field","Italy",577.2552740105,"Heavy"
"1431","2021-P","Cinderella","Germany",726.9385036228,"Heavy"
"1432","2018-P","Early Giant","Italy",244.328387419134,"medium"
"1433","2017-P","Cinderella","Italy",77.0325088530435,"Light"
"1434","2019-P","Dill's Atlantic","Germany",86.754724713886,"Light"
"1435","2017-P","Autumn Gold","Germany",110.333766088229,"medium"
"1436","2016-P","Spirit","Germany",138.645209617806,"medium"
"1437","2014-P","Wolf","Germany",102.740169484,"medium"
"1438","2019-P","Casper","Germany",176.44970741199,"medium"
"1439","2017-P","Jack O'Lantern","Italy",353.3217041859,"medium"
"1440","2021-P","Atlantic Giant","Germany",568.316393506553,"Heavy"
"1441","2019-P","Prizewinner","Germany",313.123075223379,"medium"
"1442","2021-P","Casper","France",100.210179143332,"medium"
"1443","2021-P","Atlantic Giant","Germany",335.755128131383,"medium"
"1444","2015-P","Jack O'Lantern","Germany",243.541450058056,"medium"
"1445","2018-P","Cinderella","Germany",326.552972530102,"medium"
"1446","2019-P","Rouge Vif d’Etampes","France",331.323768817807,"medium"
"1447","2020-P","Howden","Italy",472.619311686649,"Heavy"
"1448","2015-P","Big Moose","Germany",360.826161142079,"medium"
"1449","2021-P","Champion","Italy",250.030297498912,"medium"
"1450","2021-P","Champion","Germany",26.1324361707363,"Light"
"1451","2018-P","Wolf","Germany",587.352239648753,"Heavy"
"1452","2021-P","Casper","Germany",93.0801286660132,"medium"
"1453","2016-P","Casper","Germany",430.588640691183,"medium"
"1454","2020-P","Howden","Germany",60.491162021715,"Light"
"1455","2015-P","Casper","Germany",201.605730907209,"medium"
"1456","2016-P","Connecticut Field","Italy",231.96596119803,"medium"
"1457","2014-P","Big Max","Germany",360.064501719796,"medium"
"1458","2013-P","Jack O'Lantern","Italy",126.650471108326,"medium"
"1459","2015-P","Connecticut Field","Germany",383.051651642278,"medium"
"1460","2016-P","Jack O'Lantern","Italy",444.076930954461,"medium"
"1461","2013-P","Atlantic Giant","Germany",521.701785088785,"Heavy"
"1462","2017-P","Blue Hubbard","Germany",98.5946310631276,"medium"
"1463","2016-P","Atlantic Giant","Italy",206.523916565602,"medium"
"1464","2013-P","Atlantic Giant","Italy",91.4127662680204,"medium"
"1465","2018-P","Casper","Italy",77.3543715929587,"Light"
"1466","2021-P","Atlantic Giant","Germany",194.151140233405,"medium"
"1467","2013-P","Early Giant","Germany",535.527368608111,"Heavy"
"1468","2014-P","Connecticut Field","Italy",104.655043672653,"medium"
"1469","2021-P","Prizewinner","France",926.367995066279,"Heavy"
"1470","2016-P","Jack O'Lantern","Italy",97.9401657003882,"medium"
"1471","2013-P","Howden","Germany",199.794580647539,"medium"
"1472","2017-P","Early Giant","Germany",338.996903756727,"medium"
"1473","2014-P","Casper","Italy",222.032887318098,"medium"
"1474","2021-P","Atlantic Giant","Germany",70.324985871474,"Light"
"1475","2015-P","Dill's Atlantic","Germany",262.406698727218,"medium"
"1476","2017-P","Champion","Germany",148.633792588132,"medium"
"1477","2021-P","Big Max","Italy",104.609937841755,"medium"
"1478","2018-P","Spirit","Germany",194.215081156596,"medium"
"1479","2017-P","Dill's Atlantic","Germany",310.843695450184,"medium"
"1480","2018-P","Spirit","Germany",231.491725374832,"medium"
"1481","2013-P","Cinderella","Germany",70.6075804695533,"Light"
"1482","2018-P","Champion","Germany",360.538387947076,"medium"
"1483","2015-P","Jack O'Lantern","Germany",256.690733393058,"medium"
"1484","2016-P","Howden","Germany",94.1496963253526,"medium"
"1485","2021-P","Rouge Vif d’Etampes","Germany",70.0783964041267,"Light"
"1486","2014-P","Jack O'Lantern","Italy",606.794595102008,"Heavy"
"1487","2015-P","Champion","Germany",371.5847492456,"medium"
"1488","2019-P","Rouge Vif d’Etampes","Germany",106.739234105516,"medium"
"1489","2018-P","Early Giant","Germany",238.289125154929,"medium"
"1490","2015-P","Connecticut Field","Italy",167.885589572606,"medium"
"1491","2019-P","Blue Hubbard","Italy",63.1118295271759,"Light"
"1492","2017-P","Spirit","Germany",122.193392140576,"medium"
"1493","2014-P","Prizewinner","Italy",155.929216032238,"medium"
"1494","2019-P","Cinderella","Germany",121.252879429706,"medium"
"1495","2013-P","Wolf","Germany",236.087040576299,"medium"
"1496","2017-P","Rouge Vif d’Etampes","Germany",251.980960460917,"medium"
"1497","2020-P","Blue Hubbard","Germany",220.305200610332,"medium"
"1498","2021-P","Howden","Germany",94.1926566553806,"medium"
"1499","2020-P","Autumn Gold","Germany",326.280589316498,"medium"
"1500","2016-P","Casper","Germany",127.541344783806,"medium"
"1501","2015-P","Spirit","Germany",97.3132136357495,"medium"
"1502","2014-P","Champion","Germany",169.348257364635,"medium"
"1503","2020-P","Howden","Germany",110.024492142526,"medium"
"1504","2017-P","Casper","Italy",312.394206143261,"medium"
"1505","2018-P","Big Max","Germany",91.966128038723,"medium"
"1506","2015-P","Casper","Italy",402.644263692336,"medium"
"1507","2014-P","Cinderella","Italy",168.940209331736,"medium"
"1508","2016-P","Early Giant","France",453.568065811017,"medium"
"1509","2020-P","Howden","Germany",467.447433117814,"Heavy"
"1510","2018-P","Atlantic Giant","Germany",109.932643404557,"medium"
"1511","2015-P","Connecticut Field","Germany",278.699395005426,"medium"
"1512","2020-P","Rouge Vif d’Etampes","Germany",412.881278445503,"medium"
"1513","2017-P","Dill's Atlantic","France",201.449459536599,"medium"
"1514","2021-P","Big Moose","Germany",132.229493884625,"medium"
"1515","2013-P","Wolf","Italy",303.296693321758,"medium"
"1516","2019-P","Howden","France",66.2644451594356,"Light"
"1517","2018-P","Autumn Gold","Germany",561.954465831108,"Heavy"
"1518","2020-P","Big Max","Germany",225.322097349263,"medium"
"1519","2016-P","Blue Hubbard","France",170.522883778718,"medium"
"1520","2015-P","Prizewinner","Italy",153.532858104903,"medium"
"1521","2016-P","Spirit","Germany",292.671653808225,"medium"
"1522","2016-P","Casper","France",495.398702634145,"Heavy"
"1523","2014-P","Dill's Atlantic","Italy",67.7830289223613,"Light"
"1524","2013-P","Howden","Germany",492.948704669477,"Heavy"
"1525","2018-P","Early Giant","Germany",900.514964634537,"Heavy"
"1526","2019-P","Prizewinner","Germany",153.046586672341,"medium"
"1527","2016-P","Howden","Germany",62.7469723320153,"Light"
"1528","2017-P","Jack O'Lantern","Germany",290.920770475543,"medium"
"1529","2018-P","Atlantic Giant","Germany",167.425245023416,"medium"
"1530","2021-P","Cinderella","Germany",111.86674861047,"medium"
"1531","2013-P","Connecticut Field","Germany",51.879082710184,"Light"
"1532","2016-P","Big Moose","Italy",203.622719495584,"medium"
"1533","2019-P","Rouge Vif d’Etampes","Germany",611.50371263581,"Heavy"
"1534","2014-P","Big Moose","Italy",332.412843973109,"medium"
"1535","2017-P","Autumn Gold","Germany",430.435959855341,"medium"
"1536","2021-P","Cinderella","Germany",135.304420569679,"medium"
"1537","2014-P","Big Max","Germany",682.01880044909,"Heavy"
"1538","2017-P","Cinderella","Germany",828.352231196646,"Heavy"
"1539","2020-P","Atlantic Giant","Germany",518.53059446672,"Heavy"
"1540","2015-P","Autumn Gold","Italy",412.79620083144,"medium"
"1541","2021-P","Jack O'Lantern","France",268.600041248659,"medium"
"1542","2014-P","Rouge Vif d’Etampes","Germany",440.855101085591,"medium"
"1543","2015-P","Early Giant","Italy",87.966647925223,"Light"
"1544","2019-P","Autumn Gold","Germany",172.366508031187,"medium"
"1545","2015-P","Champion","Germany",293.183800997799,"medium"
"1546","2016-P","Blue Hubbard","Italy",126.626478320857,"medium"
"1547","2018-P","Spirit","Italy",938.54642723127,"Heavy"
"1548","2017-P","Howden","Italy",167.086357191997,"medium"
"1549","2016-P","Casper","Germany",353.35250301208,"medium"
"1550","2019-P","Dill's Atlantic","Germany",168.429875115911,"medium"
"1551","2015-P","Blue Hubbard","Germany",440.530885045585,"medium"
"1552","2021-P","Connecticut Field","Germany",181.066653482365,"medium"
"1553","2020-P","Blue Hubbard","Germany",418.833972740865,"medium"
"1554","2016-P","Dill's Atlantic","France",452.701130471496,"medium"
"1555","2020-P","Big Max","Germany",128.537053911837,"medium"
"1556","2018-P","Rouge Vif d’Etampes","Germany",492.276853834712,"Heavy"
"1557","2017-P","Wolf","Germany",152.917705399416,"medium"
"1558","2017-P","Jack O'Lantern","Germany",472.113402517868,"Heavy"
"1559","2013-P","Casper","Germany",397.385635292041,"medium"
"1560","2018-P","Early Giant","Germany",241.23989730626,"medium"
"1561","2020-P","Champion","Germany",409.661834530696,"medium"
"1562","2018-P","Rouge Vif d’Etampes","France",513.255389621297,"Heavy"
"1563","2016-P","Spirit","Germany",61.4147535395423,"Light"
"1564","2019-P","Jack O'Lantern","Germany",496.678368562567,"Heavy"
"1565","2019-P","Casper","Germany",145.754672701343,"medium"
"1566","2019-P","Cinderella","Italy",379.276554162544,"medium"
"1567","2018-P","Jack O'Lantern","Italy",183.934752991744,"medium"
"1568","2021-P","Rouge Vif d’Etampes","Germany",176.638580142447,"medium"
"1569","2017-P","Spirit","Germany",321.042861302433,"medium"
"1570","2021-P","Spirit","Italy",254.496031686424,"medium"
"1571","2016-P","Casper","Germany",220.049349482121,"medium"
"1572","2016-P","Atlantic Giant","Italy",171.079922983202,"medium"
"1573","2021-P","Dill's Atlantic","Germany",157.239986199411,"medium"
"1574","2020-P","Atlantic Giant","Germany",35.9267600233422,"Light"
"1575","2014-P","Casper","Germany",118.502841443376,"medium"
"1576","2021-P","Champion","Germany",92.6168569991876,"medium"
"1577","2019-P","Autumn Gold","Germany",425.728550909828,"medium"
"1578","2015-P","Autumn Gold","Germany",98.7522942103828,"medium"
"1579","2017-P","Spirit","Germany",61.9328337241244,"Light"
"1580","2016-P","Connecticut Field","Germany",450.330546901106,"medium"
"1581","2014-P","Casper","France",376.949684441862,"medium"
"1582","2018-P","Connecticut Field","Italy",359.427048510752,"medium"
"1583","2020-P","Early Giant","Italy",683.854546170098,"Heavy"
"1584","2015-P","Big Max","Italy",518.634592021023,"Heavy"
"1585","2017-P","Early Giant","Italy",448.26160870668,"medium"
"1586","2017-P","Autumn Gold","Italy",301.14267503841,"medium"
"1587","2017-P","Casper","Italy",461.688232026704,"Heavy"
"1588","2020-P","Connecticut Field","Germany",310.695337825763,"medium"
"1589","2021-P","Casper","Germany",547.556955665923,"Heavy"
"1590","2018-P","Atlantic Giant","Italy",280.825916823383,"medium"
"1591","2019-P","Champion","France",407.297849154627,"medium"
"1592","2017-P","Champion","Germany",108.143480317477,"medium"
"1593","2021-P","Autumn Gold","Germany",44.3763056184239,"Light"
"1594","2018-P","Rouge Vif d’Etampes","Italy",306.492406925838,"medium"
"1595","2016-P","Cinderella","France",233.375240470121,"medium"
"1596","2015-P","Spirit","Germany",366.432194701119,"medium"
"1597","2014-P","Wolf","Germany",213.053718567519,"medium"
"1598","2021-P","Big Moose","Italy",414.714599085556,"medium"
"1599","2019-P","Big Moose","Italy",849.681811439794,"Heavy"
"1600","2015-P","Autumn Gold","Germany",367.410694715493,"medium"
"1601","2021-P","Dill's Atlantic","Germany",408.989946903419,"medium"
"1602","2013-P","Connecticut Field","Germany",74.7892564631514,"Light"
"1603","2015-P","Blue Hubbard","Germany",261.644521512066,"medium"
"1604","2019-P","Rouge Vif d’Etampes","Germany",260.440721054257,"medium"
"1605","2020-P","Big Moose","Germany",322.050083691182,"medium"
"1606","2015-P","Jack O'Lantern","Germany",310.261887660753,"medium"
"1607","2014-P","Big Moose","Germany",340.653983281017,"medium"
"1608","2013-P","Blue Hubbard","Germany",289.250679595957,"medium"
"1609","2014-P","Early Giant","France",323.510722903821,"medium"
"1610","2019-P","Connecticut Field","Italy",112.175363054143,"medium"
"1611","2020-P","Connecticut Field","Germany",121.162867265571,"medium"
"1612","2018-P","Casper","Germany",60.6582532178002,"Light"
"1613","2017-P","Prizewinner","Germany",118.221819757866,"medium"
"1614","2018-P","Spirit","Germany",78.6904988430966,"Light"
"1615","2014-P","Prizewinner","Germany",256.218668709919,"medium"
"1616","2014-P","Cinderella","Italy",457.266709284718,"Heavy"
"1617","2018-P","Connecticut Field","Germany",216.253172890822,"medium"
"1618","2017-P","Autumn Gold","Germany",175.091903095045,"medium"
"1619","2015-P","Wolf","Italy",74.0138447878585,"Light"
"1620","2019-P","Atlantic Giant","Italy",347.213901020978,"medium"
"1621","2020-P","Big Max","Germany",479.808452624717,"Heavy"
"1622","2018-P","Atlantic Giant","Germany",128.388678085528,"medium"
"1623","2018-P","Rouge Vif d’Etampes","Germany",188.247026719134,"medium"
"1624","2018-P","Cinderella","Italy",508.268528507451,"Heavy"
"1625","2013-P","Dill's Atlantic","Germany",528.705333287174,"Heavy"
"1626","2021-P","Early Giant","Germany",417.82510198119,"medium"
"1627","2019-P","Howden","Germany",430.238779625589,"medium"
"1628","2013-P","Atlantic Giant","Germany",469.043922156058,"Heavy"
"1629","2015-P","Rouge Vif d’Etampes","Italy",41.1656552848107,"Light"
"1630","2015-P","Spirit","Italy",189.063535332991,"medium"
"1631","2015-P","Dill's Atlantic","Germany",254.878135005814,"medium"
"1632","2021-P","Howden","Italy",121.626186647752,"medium"
"1633","2017-P","Prizewinner","Germany",178.373494840387,"medium"
"1634","2019-P","Jack O'Lantern","Italy",279.784416040682,"medium"
"1635","2013-P","Blue Hubbard","Germany",246.741634727516,"medium"
"1636","2016-P","Early Giant","Germany",175.805740115798,"medium"
"1637","2016-P","Early Giant","Germany",119.55992908218,"medium"
"1638","2014-P","Wolf","France",501.033114852889,"Heavy"
"1639","2016-P","Early Giant","Germany",319.982184661262,"medium"
"1640","2019-P","Dill's Atlantic","Germany",355.229869574369,"medium"
"1641","2019-P","Rouge Vif d’Etampes","Germany",174.471005676151,"medium"
"1642","2015-P","Jack O'Lantern","Germany",300.08027282736,"medium"
"1643","2020-P","Rouge Vif d’Etampes","Italy",244.592615834598,"medium"
"1644","2014-P","Rouge Vif d’Etampes","Germany",643.784411914643,"Heavy"
"1645","2016-P","Dill's Atlantic","Germany",463.977059774751,"Heavy"
"1646","2020-P","Wolf","Germany",6.72584996341522,"Light"
"1647","2016-P","Howden","Germany",358.699372580042,"medium"
"1648","2015-P","Howden","Germany",31.9850376253249,"Light"
"1649","2014-P","Blue Hubbard","France",484.914193213243,"Heavy"
"1650","2021-P","Early Giant","Germany",108.387683338658,"medium"
"1651","2015-P","Atlantic Giant","Germany",258.150880549685,"medium"
"1652","2019-P","Prizewinner","Germany",542.05137908435,"Heavy"
"1653","2014-P","Prizewinner","Germany",475.247038615661,"Heavy"
"1654","2021-P","Big Max","Germany",207.480951393244,"medium"
"1655","2020-P","Champion","Germany",258.777210206567,"medium"
"1656","2013-P","Rouge Vif d’Etampes","Germany",72.6810436903162,"Light"
"1657","2020-P","Rouge Vif d’Etampes","Italy",140.259223565437,"medium"
"1658","2021-P","Wolf","Germany",156.446415370949,"medium"
"1659","2018-P","Howden","Italy",458.749112878737,"Heavy"
"1660","2020-P","Big Max","France",396.452999783085,"medium"
"1661","2019-P","Wolf","Italy",247.59196643807,"medium"
"1662","2017-P","Jack O'Lantern","Germany",346.927440927955,"medium"
"1663","2015-P","Wolf","Germany",248.384918661131,"medium"
"1664","2017-P","Cinderella","Italy",186.272288298856,"medium"
"1665","2013-P","Howden","Germany",146.16675853699,"medium"
"1666","2018-P","Howden","Germany",415.481041109396,"medium"
"1667","2017-P","Spirit","Germany",115.682142396387,"medium"
"1668","2018-P","Big Max","Germany",131.208409552746,"medium"
"1669","2014-P","Atlantic Giant","Italy",182.765151906788,"medium"
"1670","2017-P","Rouge Vif d’Etampes","Italy",185.186183960975,"medium"
"1671","2019-P","Cinderella","Germany",358.924695107125,"medium"
"1672","2019-P","Blue Hubbard","Italy",546.183737838942,"Heavy"
"1673","2019-P","Rouge Vif d’Etampes","Italy",83.8925625406609,"Light"
"1674","2021-P","Atlantic Giant","Italy",110.260608008355,"medium"
"1675","2020-P","Autumn Gold","Germany",449.014763091439,"medium"
"1676","2013-P","Rouge Vif d’Etampes","Italy",390.206274523182,"medium"
"1677","2021-P","Autumn Gold","Germany",54.8637000520454,"Light"
"1678","2021-P","Casper","Germany",186.698849509318,"medium"
"1679","2013-P","Big Max","Germany",134.559938946446,"medium"
"1680","2021-P","Champion","Germany",345.816610188513,"medium"
"1681","2017-P","Blue Hubbard","Italy",132.102734538983,"medium"
"1682","2021-P","Champion","Germany",212.460526725382,"medium"
"1683","2017-P","Champion","Germany",566.106834400702,"Heavy"
"1684","2017-P","Casper","Germany",226.240665641741,"medium"
"1685","2018-P","Cinderella","Germany",229.60454503687,"medium"
"1686","2013-P","Howden","Germany",468.146109581395,"Heavy"
"1687","2018-P","Casper","Germany",404.566837710899,"medium"
"1688","2020-P","Howden","Germany",72.1847427020291,"Light"
"1689","2013-P","Cinderella","Germany",496.17694644828,"Heavy"
"1690","2016-P","Big Max","Germany",489.78215202057,"Heavy"
"1691","2014-P","Cinderella","Germany",219.617372428426,"medium"
"1692","2016-P","Casper","Italy",118.940158505662,"medium"
"1693","2020-P","Casper","Germany",59.6299683766463,"Light"
"1694","2016-P","Autumn Gold","Germany",219.012936855628,"medium"
"1695","2015-P","Rouge Vif d’Etampes","Italy",48.4957586316065,"Light"
"1696","2016-P","Early Giant","Italy",331.216792361874,"medium"
"1697","2013-P","Rouge Vif d’Etampes","Germany",761.616852170457,"Heavy"
"1698","2018-P","Wolf","Italy",455.133625704309,"Heavy"
"1699","2016-P","Cinderella","Germany",217.256488265899,"medium"
"1700","2018-P","Wolf","Italy",372.308882042566,"medium"
"1701","2015-P","Dill's Atlantic","Germany",237.310873033564,"medium"
"1702","2014-P","Champion","Germany",180.836321148104,"medium"
"1703","2020-P","Prizewinner","Italy",197.427214207367,"medium"
"1704","2018-P","Wolf","Italy",140.671602201796,"medium"
"1705","2018-P","Autumn Gold","France",465.539037825606,"Heavy"
"1706","2014-P","Autumn Gold","Italy",304.287895765625,"medium"
"1707","2015-P","Casper","Germany",615.163661405635,"Heavy"
"1708","2015-P","Early Giant","Germany",490.073123646926,"Heavy"
"1709","2017-P","Prizewinner","Germany",103.06049057335,"medium"
"1710","2013-P","Atlantic Giant","Germany",434.811896971832,"medium"
"1711","2019-P","Champion","Italy",294.545010909204,"medium"
"1712","2015-P","Casper","Germany",634.873474228352,"Heavy"
"1713","2013-P","Howden","Germany",118.871922579518,"medium"
"1714","2018-P","Cinderella","Germany",309.774301015788,"medium"
"1715","2018-P","Wolf","Italy",246.484064930433,"medium"
"1716","2015-P","Connecticut Field","Germany",71.2543571361142,"Light"
"1717","2017-P","Dill's Atlantic","Germany",278.808620764898,"medium"
"1718","2019-P","Early Giant","Germany",645.242719601177,"Heavy"
"1719","2013-P","Wolf","Italy",97.5519163773163,"medium"
"1720","2015-P","Casper","Germany",152.626845845683,"medium"
"1721","2014-P","Jack O'Lantern","Germany",105.147661538796,"medium"
"1722","2021-P","Big Max","Italy",117.450304064101,"medium"
"1723","2019-P","Cinderella","Germany",114.821102482785,"medium"
"1724","2014-P","Autumn Gold","Germany",230.848191429396,"medium"
"1725","2017-P","Casper","Italy",87.9687310470467,"Light"
"1726","2018-P","Champion","Germany",468.028858337985,"Heavy"
"1727","2017-P","Rouge Vif d’Etampes","Italy",591.449670719258,"Heavy"
"1728","2013-P","Big Moose","Germany",268.563429550634,"medium"
"1729","2018-P","Cinderella","Germany",129.846989982372,"medium"
"1730","2017-P","Big Max","Italy",207.441882376828,"medium"
"1731","2018-P","Cinderella","Germany",120.638613078145,"medium"
"1732","2013-P","Spirit","Germany",340.796150845885,"medium"
"1733","2017-P","Wolf","Germany",567.439329414316,"Heavy"
"1734","2019-P","Cinderella","France",347.26938652493,"medium"
"1735","2013-P","Atlantic Giant","Italy",196.237391860167,"medium"
"1736","2016-P","Prizewinner","Germany",118.28450956862,"medium"
"1737","2017-P","Early Giant","Germany",551.758169558236,"Heavy"
"1738","2018-P","Connecticut Field","Germany",134.492793260922,"medium"
"1739","2017-P","Prizewinner","Germany",477.945230906148,"Heavy"
"1740","2018-P","Big Max","Germany",175.698306064917,"medium"
"1741","2020-P","Champion","Germany",85.3416131061376,"Light"
"1742","2016-P","Big Max","France",168.574829646558,"medium"
"1743","2015-P","Blue Hubbard","Germany",255.874318971797,"medium"
"1744","2020-P","Connecticut Field","Germany",438.33604769568,"medium"
"1745","2013-P","Blue Hubbard","Italy",412.324480116328,"medium"
"1746","2021-P","Prizewinner","Italy",646.722232934864,"Heavy"
"1747","2015-P","Cinderella","Germany",93.1013640174461,"medium"
"1748","2017-P","Howden","Italy",89.6349290423586,"Light"
"1749","2019-P","Rouge Vif d’Etampes","Germany",198.044238989611,"medium"
"1750","2014-P","Wolf","Germany",180.562185674527,"medium"
